Workbook

Sheet Deckblatt

Sheet Impressum
A4: Impressum
A6: Produktlinie/Reihe: | B6: Tabellen
A8: Produkt-ID: | B8: 709
A10: Titel: | B10: Regionalreport über Beschäftigte (Quartalszahlen)
A12: Region: | B12: Görlitz (14626)
A14: Berichtsmonat: | B14: 30. Juni 2025
A16: Erstellungsdatum: | B16: 10.01.2026
A18: Periodizität: | B18: vierteljährlich
A20: Nächster Veröffentlichungstermin: | B20: 10.04.2026
A22: Hinweise: | B22: In dieser Publikation wird über die sozialversicherungspflichtig und geringfügig entlohnten Beschäftigten berichtet. Eine weitere Unterteilung der geringfügig entlohnten Beschäftigten in ausschließlich geringfügig entlohnte und im Nebenjob tätige Beschäftigte ist bei ausgewählten Merkmalen, wie dem Beruf, aus Geheimhaltungsgründen nicht möglich. Weitergehende Informationen erhalten Sie über Ihren regionalen Statistik-Service. Soweit nicht anders angegeben, beziehen sich alle Zahlen auf den Arbeitsort.
A25: Herausgeberin: | B25: Bundesagentur für Arbeit
B26: Statistik
A27: Rückfragen an: | B27: Statistik-Service Südost
B28: Nordostpark 14
B29: 90411 Nürnberg
A30: E-Mail: | B30: Statistik-Service-Suedost@arbeitsagentur.de
A31: Hotline: | B31: 0911/179-8001
A32: Fax: | B32: 0911/179-908001
A34: Internet: | B34: https://statistik.arbeitsagentur.de
A36: Zitierhinweis: | B36: Statistik der Bundesagentur für Arbeit,
B37: Tabellen, Regionalreport über Beschäftigte (Quartalszahlen), Nürnberg, Dezember 2025
A39: Nutzungsbedingungen: | B39: © Statistik der Bundesagentur für Arbeit
B40: Die Produkte unterliegen dem Urheberrecht (siehe Impressum).
B41: Daten und Tabellen dürfen uneingeschränkt verwendet werden. Informationen dürfen (auch auszugsweise) gespeichert und mit Quellenangabe weitergegeben, vervielfältigt und verbreitet werden. Die Inhalte dürfen nicht verändert oder verfälscht werden. Eigene Berechnungen sind erlaubt, jedoch als solche kenntlich zu machen. Im Fall einer Veröffentlichung im Internet soll dies mit einer Verlinkung auf die Homepage der Statistik der Bundesagentur für Arbeit erfolgen.

Sheet Inhaltsverzeichnis
G1: Beschäftigungsstatistik
A4: Inhaltsverzeichnis
A7: Regionalreport über Beschäftigte (Quartalszahlen)
A8: Görlitz (14626)
A9: Stichtag: 30. Juni 2025
A12: Quartalszahlen im Überblick
A13: Sozialversicherungspflichtig und geringfügig entlohnte Beschäftigte
B14: nach ausgewählten Merkmalen | G14: Tabelle 1
A15: Diagramm: Entwicklung sozialversicherungspflichtig Beschäftigter
B16: und geringfügig entlohnter Beschäftigter nach Regionen und nach
B17: der Klassifikation der Wirtschaftszweige (WZ 2008) | G17: Diagramm
A19: Sozialversicherungspflichtig Beschäftigte
B20: nach Regionen und ausgewählten Merkmalen | G20: Tabelle 2.1
B21: nach ausgewählten Merkmalen | G21: Tabelle 2.2
B22: nach der Klassifikation der Wirtschaftszweige 2008 (WZ 2008) | G22: Tabelle 2.3
B23: nach der Klassifikation der Berufe (KldB 2010) | G23: Tabelle 2.4
A25: Geringfügig entlohnte Beschäftigte
B26: nach Regionen und ausgewählten Merkmalen | G26: Tabelle 3.1
B27: nach ausgewählten Merkmalen | G27: Tabelle 3.2
B28: nach der Klassifikation der Wirtschaftszweige 2008 (WZ 2008) | G28: Tabelle 3.3
B29: nach der Klassifikation der Berufe (KldB 2010) | G29: Tabelle 3.4
A31: Begonnene sozialversicherungspflichtige Beschäftigungsverhältnisse
B32: Insgesamt / darunter befristet nach ausgewählten Merkmalen | G32: Tabelle 4.1
B33: nach der Klassifikation der Wirtschaftszweige 2008 (WZ 2008) | G33: Tabelle 4.2
B34: nach der Klassifikation der Berufe (KldB 2010) | G34: Tabelle 4.3
A36: Beendete sozialversicherungspflichtige Beschäftigungsverhältnisse
B37: nach der Klassifikation der Wirtschaftszweige 2008 (WZ 2008) | G37: Tabelle 5.1
B38: nach der Klassifikation der Berufe (KldB 2010) | G38: Tabelle 5.2
A40: Zeitreihe
B41: Sozialversicherungspflichtig und geringfügig entlohnte Beschäftigte sowie begonnene und beendete Beschäftigungsverhältnisse | G41: Tabelle 6
A43: Hinweisblätter
B45: Methodische Hinweise Berufsaggregate | G45: Hinw Berufsagg
B46: Methodische Hinweise Befristung | G46: Hinw Befristung
B47: Methodische Hinweise zu begonnenen und beendeten Beschäftigungsverhältnissen | G47: Hinw beg_been_BV
B48: Methodische Hinweise zu sozialversicherungspflichtig und geringfügig Beschäftigten | G48: Hinw SvB GB

Sheet Tabelle 1
J1: Beschäftigungsstatistik
A3: 1. Sozialversicherungspflichtig und geringfügig entlohnte Beschäftigte nach ausgewählten Merkmalen
A4: Görlitz (14626); Gebietsstand des jeweiligen Stichtags
A5: Stichtag: 30. Juni 2025
A7: Merkmale | C7: Anteile in % 1) | D7: Beschäftigte am Stichtag Ende ... | I7: Veränderung gegenüber dem Vorjahresstichtag (Sp. 1 zu Sp. 5)
D8: Jun. 25 | E8: Mrz. 25 | F8: Dez. 24 | G8: Sep. 24 | H8: Jun. 24
I9: absolut | J9: in %
D10: 1 | E10: 2 | F10: 3 | G10: 4 | H10: 5 | I10: 6 | J10: 7
A11: Sozialversicherungspflichtig Beschäftigte
A12: Insgesamt | C12: 100 | D12: 87540 | E12: 87355 | F12: 88337 | G12: 89302 | H12: 88265 | I12: -725 | J12: -0.82139013
A13: dav. | B13: Männer | C13: 49.830934 | D13: 43622 | E13: 43343 | F13: 43830 | G13: 44432 | H13: 43837 | I13: -215 | J13: -0.49045327
B14: Frauen | C14: 50.169066 | D14: 43918 | E14: 44012 | F14: 44507 | G14: 44870 | H14: 44428 | I14: -510 | J14: -1.1479247
A15: dav. | B15: unter 25 Jahre | C15: 8.6737491 | D15: 7593 | E15: 7766 | F15: 8019 | G15: 8270 | H15: 7405 | I15: 188 | J15: 2.5388251
B16: 25 bis unter 55 Jahre | C16: 63.724012 | D16: 55784 | E16: 55706 | F16: 56108 | G16: 56667 | H16: 56426 | I16: -642 | J16: -1.1377734
B17: 55 bis unter 65 Jahre | C17: 25.980123 | D17: 22743 | E17: 22529 | F17: 22844 | G17: 23034 | H17: 23160 | I17: -417 | J17: -1.8005181
B18: 65 Jahre und älter | C18: 1.6221156 | D18: 1420 | E18: 1354 | F18: 1366 | G18: 1331 | H18: 1274 | I18: 146 | J18: 11.459969
B19: dar.: bis zur Altersgrenze | C19: 0.74251771 | D19: 650 | E19: 620 | F19: 579 | G19: 580 | H19: 555 | I19: 95 | J19: 17.117117
A20: dar. | B20: Vollzeitbeschäftigte | C20: 61.204021 | D20: 53578 | E20: 53667 | F20: 54374 | G20: 55180 | H20: 54570 | I20: -992 | J20: -1.8178486
B21: Teilzeitbeschäftigte | C21: 38.795979 | D21: 33962 | E21: 33688 | F21: 33963 | G21: 34122 | H21: 33695 | I21: 267 | J21: 0.79240243
A22: dar. | B22: Deutsche | C22: 86.801462 | D22: 75986 | E22: 76125 | F22: 77226 | G22: 77999 | H22: 77271 | I22: -1285 | J22: -1.6629783
B23: Ausländer | C23: 13.198538 | D23: 11554 | E23: 11230 | F23: 11111 | G23: 11303 | H23: 10994 | I23: 560 | J23: 5.0936875
A24: Geringfügig entlohnte Beschäftigte (GeB)
A25: GeB - Insgesamt
A26: Insgesamt | C26: 100 | D26: 11635 | E26: 11201 | F26: 11370 | G26: 11401 | H26: 11352 | I26: 283 | J26: 2.4929528
A27: dav. | B27: Männer | C27: 43.824667 | D27: 5099 | E27: 4899 | F27: 4922 | G27: 4931 | H27: 4926 | I27: 173 | J27: 3.5119773
B28: Frauen | C28: 56.175333 | D28: 6536 | E28: 6302 | F28: 6448 | G28: 6470 | H28: 6426 | I28: 110 | J28: 1.7117958
A29: dav. | B29: unter 25 Jahre | C29: 14.937688 | D29: 1738 | E29: 1471 | F29: 1483 | G29: 1532 | H29: 1608 | I29: 130 | J29: 8.0845771
B30: 25 bis unter 55 Jahre | C30: 36.106575 | D30: 4201 | E30: 4139 | F30: 4214 | G30: 4175 | H30: 4107 | I30: 94 | J30: 2.2887753
B31: 55 bis unter 65 Jahre | C31: 20.232058 | D31: 2354 | E31: 2364 | F31: 2391 | G31: 2418 | H31: 2437 | I31: -83 | J31: -3.4058268
B32: 65 Jahre und älter | C32: 28.723679 | D32: 3342 | E32: 3227 | F32: 3282 | G32: 3276 | H32: 3200 | I32: 142 | J32: 4.4375
B33: dar.: bis zur Altersgrenze | C33: 4.9505801 | D33: 576 | E33: 540 | F33: 500 | G33: 481 | H33: 464 | I33: 112 | J33: 24.137931
A34: dar. | B34: Deutsche | C34: 90.588741 | D34: 10540 | E34: 10189 | F34: 10354 | G34: 10345 | H34: 10328 | I34: 212 | J34: 2.0526723
B35: Ausländer | C35: 9.4112591 | D35: 1095 | E35: 1012 | F35: 1016 | G35: 1056 | H35: 1024 | I35: 71 | J35: 6.9335938
A36: GeB - ausschließlich
A37: Insgesamt | C37: 100 | D37: 7885 | E37: 7546 | F37: 7625 | G37: 7668 | H37: 7760 | I37: 125 | J37: 1.6108247
A38: dav. | B38: Männer | C38: 45.732403 | D38: 3606 | E38: 3457 | F38: 3445 | G38: 3454 | H38: 3508 | I38: 98 | J38: 2.7936146
B39: Frauen | C39: 54.267597 | D39: 4279 | E39: 4089 | F39: 4180 | G39: 4214 | H39: 4252 | I39: 27 | J39: 0.6349953
A40: dav. | B40: unter 25 Jahre | C40: 17.577679 | D40: 1386 | E40: 1133 | F40: 1123 | G40: 1140 | H40: 1266 | I40: 120 | J40: 9.478673
B41: 25 bis unter 55 Jahre | C41: 21.382372 | D41: 1686 | E41: 1678 | F41: 1704 | G41: 1715 | H41: 1738 | I41: -52 | J41: -2.9919448
B42: 55 bis unter 65 Jahre | C42: 19.695625 | D42: 1553 | E42: 1586 | F42: 1593 | G42: 1606 | H42: 1626 | I42: -73 | J42: -4.4895449
B43: 65 Jahre und älter | C43: 41.344325 | D43: 3260 | E43: 3149 | F43: 3205 | G43: 3207 | H43: 3130 | I43: 130 | J43: 4.1533546
B44: dar.: bis zur Altersgrenze | C44: 6.9245403 | D44: 546 | E44: 515 | F44: 477 | G44: 464 | H44: 442 | I44: 104 | J44: 23.529412
A45: dar. | B45: Deutsche | C45: 89.980977 | D45: 7095 | E45: 6816 | F45: 6897 | G45: 6910 | H45: 7013 | I45: 82 | J45: 1.1692571
B46: Ausländer | C46: 10.019023 | D46: 790 | E46: 730 | F46: 728 | G46: 758 | H46: 747 | I46: 43 | J46: 5.7563588
A47: GeB - im Nebenjob
A48: Insgesamt | C48: 100 | D48: 3750 | E48: 3655 | F48: 3745 | G48: 3733 | H48: 3592 | I48: 158 | J48: 4.3986637
A49: dav. | B49: Männer | C49: 39.813333 | D49: 1493 | E49: 1442 | F49: 1477 | G49: 1477 | H49: 1418 | I49: 75 | J49: 5.2891396
B50: Frauen | C50: 60.186667 | D50: 2257 | E50: 2213 | F50: 2268 | G50: 2256 | H50: 2174 | I50: 83 | J50: 3.8178473
A51: dav. | B51: unter 25 Jahre | C51: 9.3866667 | D51: 352 | E51: 338 | F51: 360 | G51: 392 | H51: 342 | I51: 10 | J51: 2.9239766
B52: 25 bis unter 55 Jahre | C52: 67.066667 | D52: 2515 | E52: 2461 | F52: 2510 | G52: 2460 | H52: 2369 | I52: 146 | J52: 6.1629379
B53: 55 bis unter 65 Jahre | C53: 21.36 | D53: 801 | E53: 778 | F53: 798 | G53: 812 | H53: 811 | I53: -10 | J53: -1.2330456
B54: 65 Jahre und älter | C54: 2.1866667 | D54: 82 | E54: 78 | F54: 77 | G54: 69 | H54: 70 | I54: 12 | J54: 17.142857
B55: dar.: bis zur Altersgrenze | C55: 0.8 | D55: 30 | E55: 25 | F55: 23 | G55: 17 | H55: 22 | I55: 8 | J55: 36.363636
A56: dar. | B56: Deutsche | C56: 91.866667 | D56: 3445 | E56: 3373 | F56: 3457 | G56: 3435 | H56: 3315 | I56: 130 | J56: 3.9215686
B57: Ausländer | C57: 8.1333333 | D57: 305 | E57: 282 | F57: 288 | G57: 298 | H57: 277 | I57: 28 | J57: 10.108303
J58: © Statistik der Bundesagentur für Arbeit
A59: 1) Anteil an der jeweiligen Gesamtsumme (Spaltenprozent)
A60: *) Aus Datenschutzgründen und Gründen der statistischen Geheimhaltung werden Zahlenwerte von 1 oder 2 und Daten, aus denen rechnerisch auf einen solchen Zahlenwert geschlossen werden kann, anonymisiert.

Sheet Diagramm
I1: Beschäftigungsstatistik
A3: Entwicklung sozialversicherungspflichtig Beschäftigter und geringfügig entlohnter Beschäftigter nach Regionen
A4: und nach der Klassifikation der Wirtschaftszweige 2008 (WZ 2008)
A5: ausgewählte Regionen; Gebietsstand des jeweiligen Stichtags
A6: Stichtag: 30. Juni 2025 | D6: Veränderung gegenüber dem Vorjahresstichtag in %
D7: Sozialversicherungspflichtig Beschäftigte | G7: Geringfügig entlohnte Beschäftigte (insgesamt)
A9: Görlitz (14626)
A10: Bundesland Sachsen
A11: Ostdeutschland
A12: Deutschland
A15: Görlitz (14626)
A16: Insgesamt
A17: A | B17: Land-, Forstwirtschaft und Fischerei
A18: B,D,E | B18: Bergbau, Energie- und Wasserversorgung, Energiewirtschaft
A19: C dav. | B19: Verarbeitendes Gewerbe
A20: 10-15, 18, 21, 31 | B20: Herstellung von überwiegend häuslich konsumierten Gütern (ohne Güter der Metall-, Elektro- und Chemieindustrie)
A21: 24-30,32,33 | B21: Metall- und Elektroindustrie sowie Stahlindustrie
A22: 16, 17, 19, 20, ,22, 23 | B22: Hrst. v. Vorleistungsgütern, insb. v. chem. Erzeugnissen u. Kunsstoffwaren (ohne Güter der Metall- u. Elektroindustrie)
A23: F | B23: Baugewerbe
A24: G | B24: Handel, Instandhaltung, Reparatur von Kfz
A25: H | B25: Verkehr und Lagerei
A26: I | B26: Gastgewerbe
A27: J | B27: Information und Kommunikation
A28: K | B28: Erbringung von Finanz- und Versicherungsdienstleistungen
... A31: dav. N (ohne ANÜ | B31: sonstige wirtschaftliche Dienstleistungen (ohne Arbeitnehmerüberlassung)
A32: 782.783 | B32: Arbeitnehmerüberlassung
A33: O, U | B33: Öffentliche Verwaltung, Verteidigung, Sozialversicherung, Ext. Organisationen
A34: P | B34: Erziehung und Unterricht
A35: 86 | B35: Gesundheitswesen
A36: 87.88 | B36: Heime und Sozialwesen
A37: R,S,T | B37: sonstige Dienstleistungen, Private Haushalte
B38: keine Zuordnung möglich
A39: davon nach Sektoren:
A40: A | B40: Land-, Forstwirtschaft und Fischerei
A41: B - F | B41: Produzierendes Gewerbe
A42: G - U | B42: Dienstleistungsbereich
I44: © Statistik der Bundesagentur für Arbeit
A45: *) Aus Datenschutzgründen und Gründen der statistischen Geheimhaltung werden Zahlenwerte von 1 oder 2 und Daten, aus denen rechnerisch auf einen solchen Zahlenwert geschlossen werden kann, anonymisiert. Gleiches gilt, wenn in einer Region weniger als 3 Betriebe ansässig sind oder einer der Betriebe einen so hohen Beschäftigtenanteil auf sich vereint, dass die Beschäftigtenzahl praktisch eine Einzelangabe über den Branchenführer darstellt (Dominanzfall).

Sheet Tabelle 2.1
J1: Beschäftigungsstatistik
A3: 2.1 Sozialversicherungspflichtig Beschäftigte nach Regionen und ausgewählten Merkmalen
A4: ausgewählte Regionen; Gebietsstand des jeweiligen Stichtags
A5: Stichtag: 30. Juni 2025
A7: Regionen / Merkmale | C7: Anteile in % 1) | D7: sozialversicherungspflichtig Beschäftigte am Stichtag Ende ... | I7: Veränderung gegenüber dem Vorjahresstichtag (Spalte 1 zu Spalte 5)
D8: Jun. 25 | E8: Mrz. 25 | F8: Dez. 24 | G8: Sep. 24 | H8: Jun. 24
I9: absolut | J9: in %
D10: 1 | E10: 2 | F10: 3 | G10: 4 | H10: 5 | I10: 6 | J10: 7
A11: Görlitz (14626)
A12: Insgesamt | C12: 100 | D12: 87540 | E12: 87355 | F12: 88337 | G12: 89302 | H12: 88265 | I12: -725 | J12: -0.82139013
A13: dav. | B13: Männer | C13: 49.830934 | D13: 43622 | E13: 43343 | F13: 43830 | G13: 44432 | H13: 43837 | I13: -215 | J13: -0.49045327
B14: Frauen | C14: 50.169066 | D14: 43918 | E14: 44012 | F14: 44507 | G14: 44870 | H14: 44428 | I14: -510 | J14: -1.1479247
A15: dav. | B15: unter 25 Jahre | C15: 8.6737491 | D15: 7593 | E15: 7766 | F15: 8019 | G15: 8270 | H15: 7405 | I15: 188 | J15: 2.5388251
B16: 25 bis unter 55 Jahre | C16: 63.724012 | D16: 55784 | E16: 55706 | F16: 56108 | G16: 56667 | H16: 56426 | I16: -642 | J16: -1.1377734
B17: 55 bis unter 65 Jahre | C17: 25.980123 | D17: 22743 | E17: 22529 | F17: 22844 | G17: 23034 | H17: 23160 | I17: -417 | J17: -1.8005181
B18: 65 Jahre und älter | C18: 1.6221156 | D18: 1420 | E18: 1354 | F18: 1366 | G18: 1331 | H18: 1274 | I18: 146 | J18: 11.459969
B19: dar.: bis zur Altersgrenze | C19: 0.74251771 | D19: 650 | E19: 620 | F19: 579 | G19: 580 | H19: 555 | I19: 95 | J19: 17.117117
A20: dar. | B20: in Vollzeit | C20: 61.204021 | D20: 53578 | E20: 53667 | F20: 54374 | G20: 55180 | H20: 54570 | I20: -992 | J20: -1.8178486
B21: in Teilzeit | C21: 38.795979 | D21: 33962 | E21: 33688 | F21: 33963 | G21: 34122 | H21: 33695 | I21: 267 | J21: 0.79240243
A22: dar. | B22: Deutsche | C22: 86.801462 | D22: 75986 | E22: 76125 | F22: 77226 | G22: 77999 | H22: 77271 | I22: -1285 | J22: -1.6629783
B23: Ausländer | C23: 13.198538 | D23: 11554 | E23: 11230 | F23: 11111 | G23: 11303 | H23: 10994 | I23: 560 | J23: 5.0936875
A24: Bundesland Sachsen
A25: Insgesamt | C25: 100 | D25: 1625455 | E25: 1629818 | F25: 1644126 | G25: 1656291 | H25: 1637894 | I25: -12439 | J25: -0.75945086
A26: dav. | B26: Männer | C26: 52.274471 | D26: 849698 | E26: 850625 | F26: 857604 | G26: 865693 | H26: 855211 | I26: -5513 | J26: -0.64463624
B27: Frauen | C27: 47.725529 | D27: 775757 | E27: 779193 | F27: 786522 | G27: 790598 | H27: 782683 | I27: -6926 | J27: -0.88490487
A28: dav. | B28: unter 25 Jahre | C28: 9.2745108 | D28: 150753 | E28: 155241 | F28: 161295 | G28: 164699 | H28: 149591 | I28: 1162 | J28: 0.7767847
B29: 25 bis unter 55 Jahre | C29: 65.67761 | D29: 1067560 | E29: 1069926 | F29: 1074923 | G29: 1082667 | H29: 1079658 | I29: -12098 | J29: -1.12054
B30: 55 bis unter 65 Jahre | C30: 23.443097 | D30: 381057 | E30: 379539 | F30: 382668 | G30: 384574 | H30: 385142 | I30: -4085 | J30: -1.0606478
B31: 65 Jahre und älter | C31: 1.6047814 | D31: 26085 | E31: 25112 | F31: 25240 | G31: 24351 | H31: 23503 | I31: 2582 | J31: 10.985832
B32: dar.: bis zur Altersgrenze | C32: 0.72318212 | D32: 11755 | E32: 11433 | F32: 10331 | G32: 10075 | H32: 9619 | I32: 2136 | J32: 22.206051
A33: dar. | B33: in Vollzeit | C33: 65.012566 | D33: 1056750 | E33: 1063271 | F33: 1075496 | G33: 1087830 | H33: 1077220 | I33: -20470 | J33: -1.9002618
B34: in Teilzeit | C34: 34.987373 | D34: 568704 | E34: 566546 | F34: 568629 | G34: 568461 | H34: 560674 | I34: 8030 | J34: 1.4322048
A35: dar. | B35: Deutsche | C35: 90.709001 | D35: 1474434 | E35: 1481948 | F35: 1498132 | G35: 1510135 | H35: 1496357 | I35: -21923 | J35: -1.4650916
B36: Ausländer | C36: 9.2909985 | D36: 151021 | E36: 147870 | F36: 145994 | G36: 146156 | H36: 141537 | I36: 9484 | J36: 6.7007214
A37: Ostdeutschland
A38: Insgesamt | C38: 100 | D38: 6340446 | E38: 6340342 | F38: 6382895 | G38: 6422497 | H38: 6368681 | I38: -28235 | J38: -0.44334141
A39: dav. | B39: Männer | C39: 51.814462 | D39: 3285268 | E39: 3278664 | F39: 3298170 | G39: 3324450 | H39: 3290619 | I39: -5351 | J39: -0.16261378
B40: Frauen | C40: 48.185538 | D40: 3055178 | E40: 3061678 | F40: 3084725 | G40: 3098047 | H40: 3078062 | I40: -22884 | J40: -0.74345481
A41: dav. | B41: unter 25 Jahre | C41: 9.0634634 | D41: 574664 | E41: 587278 | F41: 608061 | G41: 617036 | H41: 567979 | I41: 6685 | J41: 1.1769801
B42: 25 bis unter 55 Jahre | C42: 66.233732 | D42: 4199514 | E42: 4196176 | F42: 4207636 | G42: 4233356 | H42: 4228677 | I42: -29163 | J42: -0.68964832
B43: 55 bis unter 65 Jahre | C43: 22.890929 | D43: 1451387 | E43: 1446511 | F43: 1457672 | G43: 1466080 | H43: 1469473 | I43: -18086 | J43: -1.2307814
B44: 65 Jahre und älter | C44: 1.8118757 | D44: 114881 | E44: 110377 | F44: 109526 | G44: 106025 | H44: 102552 | I44: 12329 | J44: 12.022194
B45: dar.: bis zur Altersgrenze | C45: 0.79603233 | D45: 50472 | E45: 48966 | F45: 43781 | G45: 42861 | H45: 40914 | I45: 9558 | J45: 23.361197
A46: dar. | B46: in Vollzeit | C46: 66.03649 | D46: 4187008 | E46: 4202332 | F46: 4241046 | G46: 4279272 | H46: 4242927 | I46: -55919 | J46: -1.3179345
B47: in Teilzeit | C47: 33.963431 | D47: 2153433 | E47: 2138005 | F47: 2141848 | G47: 2143224 | H47: 2125754 | I47: 27679 | J47: 1.3020792
A48: dar. | B48: Deutsche | C48: 86.851635 | D48: 5506781 | E48: 5525860 | F48: 5576328 | G48: 5620686 | H48: 5584698 | I48: -77917 | J48: -1.3951873
B49: Ausländer | C49: 13.147514 | D49: 833611 | E49: 814404 | F49: 806480 | G49: 801722 | H49: 783882 | I49: 49729 | J49: 6.3439395
A50: Deutschland
A51: Insgesamt | C51: 100 | D51: 34885488 | E51: 34887706 | F51: 35018375 | G51: 35220294 | H51: 34837102 | I51: 48386 | J51: 0.13889215
A52: dav. | B52: Männer | C52: 53.488855 | D52: 18659848 | E52: 18640170 | F52: 18707512 | G52: 18878870 | H52: 18660647 | I52: -799 | J52: -0.0042817379
B53: Frauen | C53: 46.511145 | D53: 16225640 | E53: 16247536 | F53: 16310863 | G53: 16341424 | H53: 16176455 | I53: 49185 | J53: 0.30405302
A54: dav. | B54: unter 25 Jahre | C54: 9.4941857 | D54: 3312093 | E54: 3404157 | F54: 3530165 | G54: 3610469 | H54: 3330867 | I54: -18774 | J54: -0.56363704
B55: 25 bis unter 55 Jahre | C55: 65.915758 | D55: 22995034 | E55: 22969743 | F55: 22977613 | G55: 23107380 | H55: 23040098 | I55: -45064 | J55: -0.19558945
B56: 55 bis unter 65 Jahre | C56: 22.523816 | D56: 7857543 | E56: 7821575 | F56: 7838209 | G56: 7852663 | H56: 7834670 | I56: 22873 | J56: 0.29194593
B57: 65 Jahre und älter | C57: 2.0662317 | D57: 720815 | E57: 692228 | F57: 672387 | G57: 649780 | H57: 631466 | I57: 89349 | J57: 14.149455
B58: dar.: bis zur Altersgrenze | C58: 0.89382726 | D58: 311816 | E58: 302788 | F58: 262742 | G58: 257371 | H58: 247956 | I58: 63860 | J58: 25.754569
A59: dar. | B59: in Vollzeit | C59: 68.867774 | D59: 24024859 | E59: 24107647 | F59: 24248794 | G59: 24494262 | H59: 24192893 | I59: -168034 | J59: -0.69455935
B60: in Teilzeit | C60: 31.132206 | D60: 10860622 | E60: 10780051 | F60: 10769577 | G60: 10726028 | H60: 10644209 | I60: 216413 | J60: 2.0331525
A61: dar. | B61: Deutsche | C61: 83.265308 | D61: 29047509 | E61: 29151408 | F61: 29352342 | G61: 29516292 | H61: 29258034 | I61: -210525 | J61: -0.71954595
B62: Ausländer | C62: 16.734511 | D62: 5837916 | E62: 5736211 | F62: 5665936 | G62: 5703903 | H62: 5578959 | I62: 258957 | J62: 4.6416724
A63: Görlitz (14626) am Wohnort
A64: Insgesamt | C64: 100 | D64: 89833 | E64: 89771 | F64: 90769 | G64: 91685 | H64: 90696 | I64: -863 | J64: -0.95153039
A65: dav. | B65: Männer | C65: 51.743791 | D65: 46483 | E65: 46264 | F65: 46764 | G65: 47358 | H65: 46746 | I65: -263 | J65: -0.56261498
B66: Frauen | C66: 48.256209 | D66: 43350 | E66: 43507 | F66: 44005 | G66: 44327 | H66: 43950 | I66: -600 | J66: -1.3651877
A67: dav. | B67: unter 25 Jahre | C67: 8.9699776 | D67: 8058 | E67: 8287 | F67: 8632 | G67: 8896 | H67: 7849 | I67: 209 | J67: 2.6627596
B68: 25 bis unter 55 Jahre | C68: 62.017299 | D68: 55712 | E68: 55697 | F68: 55997 | G68: 56446 | H68: 56334 | I68: -622 | J68: -1.1041289
B69: 55 bis unter 65 Jahre | C69: 27.255018 | D69: 24484 | E69: 24279 | F69: 24636 | G69: 24898 | H69: 25121 | I69: -637 | J69: -2.5357271
B70: 65 Jahre und älter | C70: 1.757706 | D70: 1579 | E70: 1508 | F70: 1504 | G70: 1445 | H70: 1392 | I70: 187 | J70: 13.433908
B71: dar.: bis zur Altersgrenze | C71: 0.81150579 | D71: 729 | E71: 694 | F71: 638 | G71: 619 | H71: 602 | I71: 127 | J71: 21.096346
A72: dar. | B72: in Vollzeit | C72: 61.596518 | D72: 55334 | E72: 55530 | F72: 56253 | G72: 57017 | H72: 56353 | I72: -1019 | J72: -1.8082445
B73: in Teilzeit | C73: 38.403482 | D73: 34499 | E73: 34241 | F73: 34516 | G73: 34668 | H73: 34343 | I73: 156 | J73: 0.45424104
A74: dar. | B74: Deutsche | C74: 92.509434 | D74: 83104 | E74: 83267 | F74: 84355 | G74: 85229 | H74: 84492 | I74: -1388 | J74: -1.6427591
B75: Ausländer | C75: 7.4905658 | D75: 6729 | E75: 6504 | F75: 6414 | G75: 6456 | H75: 6203 | I75: 526 | J75: 8.4797679
J76: © Statistik der Bundesagentur für Arbeit
A77: 1) Anteil an der jeweiligen Gesamtsumme (Spaltenprozent)
A78: *) Aus Datenschutzgründen und Gründen der statistischen Geheimhaltung werden Zahlenwerte von 1 oder 2 und Daten, aus denen rechnerisch auf einen solchen Zahlenwert geschlossen werden kann, anonymisiert.

Sheet Tabelle 2.2
L1: Beschäftigungsstatistik
A3: 2.2 Sozialversicherungspflichtig Beschäftigte nach ausgewählten Merkmalen
A4: Görlitz (14626); Gebietsstand des jeweiligen Stichtags
A5: Stichtag: 30. Juni 2025
A7: Merkmale | E7: Anteile in % 1) | F7: sozialversicherungspflichtig Beschäftigte am Stichtag Ende ... | K7: Veränderung gegenüber dem Vorjahresstichtag (Spalte 1 zu Spalte 5)
F8: Jun. 25 | G8: Mrz. 25 | H8: Dez. 24 | I8: Sep. 24 | J8: Jun. 24
K9: absolut | L9: in %
F10: 1 | G10: 2 | H10: 3 | I10: 4 | J10: 5 | K10: 6 | L10: 7
A11: Insgesamt | E11: 100 | F11: 87540 | G11: 87355 | H11: 88337 | I11: 89302 | J11: 88265 | K11: -725 | L11: -0.82139013
A12: nach dem Geschlecht dav. Männer | E12: 49.830934 | F12: 43622 | G12: 43343 | H12: 43830 | I12: 44432 | J12: 43837 | K12: -215 | L12: -0.49045327
B13: Frauen | E13: 50.169066 | F13: 43918 | G13: 44012 | H13: 44507 | I13: 44870 | J13: 44428 | K13: -510 | L13: -1.1479247
A14: nach Altersgruppen und Geschlecht dav. unter 25 Jahre | E14: 8.6737491 | F14: 7593 | G14: 7766 | H14: 8019 | I14: 8270 | J14: 7405 | K14: 188 | L14: 2.5388251
C15: Männer | E15: 57.605689 | F15: 4374 | G15: 4444 | H15: 4599 | I15: 4759 | J15: 4276 | K15: 98 | L15: 2.2918616
C16: Frauen | E16: 42.394311 | F16: 3219 | G16: 3322 | H16: 3420 | I16: 3511 | J16: 3129 | K16: 90 | L16: 2.8763183
B17: 25 bis unter 55 Jahre | E17: 63.724012 | F17: 55784 | G17: 55706 | H17: 56108 | I17: 56667 | J17: 56426 | K17: -642 | L17: -1.1377734
C18: Männer | E18: 50.589775 | F18: 28221 | G18: 28064 | H18: 28279 | I18: 28613 | J18: 28482 | K18: -261 | L18: -0.91636823
C19: Frauen | E19: 49.410225 | F19: 27563 | G19: 27642 | H19: 27829 | I19: 28054 | J19: 27944 | K19: -381 | L19: -1.3634412
B20: 55 bis unter 65 Jahre | E20: 25.980123 | F20: 22743 | G20: 22529 | H20: 22844 | I20: 23034 | J20: 23160 | K20: -417 | L20: -1.8005181
C21: Männer | E21: 45.306248 | F21: 10304 | G21: 10152 | H21: 10248 | I21: 10359 | J21: 10412 | K21: -108 | L21: -1.0372647
C22: Frauen | E22: 54.693752 | F22: 12439 | G22: 12377 | H22: 12596 | I22: 12675 | J22: 12748 | K22: -309 | L22: -2.4239096
B23: 65 Jahre und älter | E23: 1.6221156 | F23: 1420 | G23: 1354 | H23: 1366 | I23: 1331 | J23: 1274 | K23: 146 | L23: 11.459969
C24: Männer | E24: 50.915493 | F24: 723 | G24: 683 | H24: 704 | I24: 701 | J24: 667 | K24: 56 | L24: 8.3958021
C25: Frauen | E25: 49.084507 | F25: 697 | G25: 671 | H25: 662 | I25: 630 | J25: 607 | K25: 90 | L25: 14.827018
C26: dar. | D26: bis zur Altersgrenze | E26: 0.74251771 | F26: 650 | G26: 620 | H26: 579 | I26: 580 | J26: 555 | K26: 95 | L26: 17.117117
D27: Männer | E27: 46 | F27: 299 | G27: 290 | H27: 292 | I27: 291 | J27: 265 | K27: 34 | L27: 12.830189
D28: Frauen | E28: 54 | F28: 351 | G28: 330 | H28: 287 | I28: 289 | J28: 290 | K28: 61 | L28: 21.034483
A29: nach Nationalität und Geschlecht dar. Deutsche | E29: 86.801462 | F29: 75986 | G29: 76125 | H29: 77226 | I29: 77999 | J29: 77271 | K29: -1285 | L29: -1.6629783
C30: Männer | E30: 48.955071 | F30: 37199 | G30: 37096 | H30: 37653 | I30: 38108 | J30: 37666 | K30: -467 | L30: -1.239845
C31: Frauen | E31: 51.044929 | F31: 38787 | G31: 39029 | H31: 39573 | I31: 39891 | J31: 39605 | K31: -818 | L31: -2.0653958
B32: Ausländer | E32: 13.198538 | F32: 11554 | G32: 11230 | H32: 11111 | I32: 11303 | J32: 10994 | K32: 560 | L32: 5.0936875
C33: Männer | E33: 55.591137 | F33: 6423 | G33: 6247 | H33: 6177 | I33: 6324 | J33: 6171 | K33: 252 | L33: 4.0836169
C34: Frauen | E34: 44.408863 | F34: 5131 | G34: 4983 | H34: 4934 | I34: 4979 | J34: 4823 | K34: 308 | L34: 6.3860668
A35: nach der Arbeitszeit und Geschlecht dar. in Vollzeit | E35: 61.204021 | F35: 53578 | G35: 53667 | H35: 54374 | I35: 55180 | J35: 54570 | K35: -992 | L35: -1.8178486
C36: Männer | E36: 67.251484 | F36: 36032 | G36: 35960 | H36: 36416 | I36: 36981 | J36: 36507 | K36: -475 | L36: -1.3011203
C37: Frauen | E37: 32.748516 | F37: 17546 | G37: 17707 | H37: 17958 | I37: 18199 | J37: 18063 | K37: -517 | L37: -2.8622045
B38: in Teilzeit | E38: 38.795979 | F38: 33962 | G38: 33688 | H38: 33963 | I38: 34122 | J38: 33695 | K38: 267 | L38: 0.79240243
C39: Männer | E39: 22.348507 | F39: 7590 | G39: 7383 | H39: 7414 | I39: 7451 | J39: 7330 | K39: 260 | L39: 3.5470668
C40: Frauen | E40: 77.651493 | F40: 26372 | G40: 26305 | H40: 26549 | I40: 26671 | J40: 26365 | K40: 7 | L40: 0.026550351
A41: Auszubildende nach Geschlecht Auszubildende | E41: 3.3241947 | F41: 2910 | G41: 3119 | H41: 3407 | I41: 3468 | J41: 2856 | K41: 54 | L41: 1.8907563
C42: Männer | E42: 58.522337 | F42: 1703 | G42: 1829 | H42: 2054 | I42: 2080 | J42: 1696 | K42: 7 | L42: 0.41273585
C43: Frauen | E43: 41.477663 | F43: 1207 | G43: 1290 | H43: 1353 | I43: 1388 | J43: 1160 | K43: 47 | L43: 4.0517241
A44: Sozialversicherungspflichtig Beschäftigte in Werkstätten oder gleichartigen Einrichtungen für Menschen mit Behinderung 2) Insgesamt | E44: 2.0105095 | F44: 1760 | G44: 1779 | H44: 1787 | I44: 1796 | J44: 1751 | K44: 9 | L44: 0.513992
C45: Männer | E45: 61.931818 | F45: 1090 | G45: 1104 | H45: 1112 | I45: 1117 | J45: 1079 | K45: 11 | L45: 1.0194625
C46: Frauen | E46: 38.068182 | F46: 670 | G46: 675 | H46: 675 | I46: 679 | J46: 672 | K46: -2 | L46: -0.29761905
A47: Sozialversicherungspflichtig Beschäftigte in Freiwilligendiensten Insgesamt | E47: 0.38725154 | F47: 339 | G47: 342 | H47: 374 | I47: 360 | J47: 340 | K47: -1 | L47: -0.29411765
C48: Männer | E48: 44.247788 | F48: 150 | G48: 146 | H48: 161 | I48: 152 | J48: 167 | K48: -17 | L48: -10.179641
C49: Frauen | E49: 55.752212 | F49: 189 | G49: 196 | H49: 213 | I49: 208 | J49: 173 | K49: 16 | L49: 9.2485549
A50: nach dem Berufsabschluss und Geschlecht dav. ohne beruflichen Ausbildungsabschluss | E50: 7.3075166 | F50: 6397 | G50: 6466 | H50: 6792 | I50: 6932 | J50: 6145 | K50: 252 | L50: 4.100895
C51: Männer | E51: 57.464436 | F51: 3676 | G51: 3690 | H51: 3903 | I51: 4002 | J51: 3540 | K51: 136 | L51: 3.8418079
C52: Frauen | E52: 42.535564 | F52: 2721 | G52: 2776 | H52: 2889 | I52: 2930 | J52: 2605 | K52: 116 | L52: 4.452975
C53: dar. | D53: Auszubildende | E53: 33.937783 | F53: 2171 | G53: 2401 | H53: 2683 | I53: 2792 | J53: 2092 | K53: 79 | L53: 3.7762906
D54: Männer | E54: 61.630585 | F54: 1338 | G54: 1444 | H54: 1626 | I54: 1692 | J54: 1285 | K54: 53 | L54: 4.1245136
D55: Frauen | E55: 38.369415 | F55: 833 | G55: 957 | H55: 1057 | I55: 1100 | J55: 807 | K55: 26 | L55: 3.2218092
B56: mit anerkanntem Berufsabschluss 3) | E56: 72.234407 | F56: 63234 | G56: 63035 | H56: 63618 | I56: 64317 | J56: 64184 | K56: -950 | L56: -1.4801197
C57: Männer | E57: 49.685296 | F57: 31418 | G57: 31179 | H57: 31442 | I57: 31854 | J57: 31798 | K57: -380 | L57: -1.1950437
C58: Frauen | E58: 50.314704 | F58: 31816 | G58: 31856 | H58: 32176 | I58: 32463 | J58: 32386 | K58: -570 | L58: -1.7600198
C59: dav. | D59: Abschluss anerkannte Berufsausbildung | E59: 90.679065 | F59: 57340 | G59: 57152 | H59: 57691 | I59: 58370 | J59: 58210 | K59: -870 | L59: -1.4945886
D60: Männer | E60: 49.612836 | F60: 28448 | G60: 28233 | H60: 28488 | I60: 28894 | J60: 28820 | K60: -372 | L60: -1.2907703
D61: Frauen | E61: 50.387164 | F61: 28892 | G61: 28919 | H61: 29203 | I61: 29476 | J61: 29390 | K61: -498 | L61: -1.6944539
D62: Meister- / Techn . / gleichw. Fachschulabschl. | E62: 9.3209349 | F62: 5894 | G62: 5883 | H62: 5927 | I62: 5947 | J62: 5974 | K62: -80 | L62: -1.3391363
D63: Männer | E63: 50.390227 | F63: 2970 | G63: 2946 | H63: 2954 | I63: 2960 | J63: 2978 | K63: -8 | L63: -0.26863667
D64: Frauen | E64: 49.609773 | F64: 2924 | G64: 2937 | H64: 2973 | I64: 2987 | J64: 2996 | K64: -72 | L64: -2.4032043
B65: mit akademischem Abschluss 4) | E65: 13.56637 | F65: 11876 | G65: 11855 | H65: 11932 | I65: 11910 | J65: 11919 | K65: -43 | L65: -0.36076852
C66: Männer | E66: 42.16066 | F66: 5007 | G66: 4971 | H66: 4991 | I66: 5005 | J66: 5013 | K66: -6 | L66: -0.11968881
C67: Frauen | E67: 57.83934 | F67: 6869 | G67: 6884 | H67: 6941 | I67: 6905 | J67: 6906 | K67: -37 | L67: -0.535766
C68: dav. | D68: Bachelor | E68: 16.545975 | F68: 1965 | G68: 1919 | H68: 1887 | I68: 1845 | J68: 1791 | K68: 174 | L68: 9.7152429
D69: Männer | E69: 33.486005 | F69: 658 | G69: 644 | H69: 644 | I69: 625 | J69: 605 | K69: 53 | L69: 8.7603306
D70: Frauen | E70: 66.513995 | F70: 1307 | G70: 1275 | H70: 1243 | I70: 1220 | J70: 1186 | K70: 121 | L70: 10.202361
D71: Diplom/Magister/Master/Staatsexamen | E71: 79.227012 | F71: 9409 | G71: 9436 | H71: 9544 | I71: 9559 | J71: 9638 | K71: -229 | L71: -2.3760116
D72: Männer | E72: 43.160803 | F72: 4061 | G72: 4039 | H72: 4060 | I72: 4086 | J72: 4128 | K72: -67 | L72: -1.623062
D73: Frauen | E73: 56.839197 | F73: 5348 | G73: 5397 | H73: 5484 | I73: 5473 | J73: 5510 | K73: -162 | L73: -2.9401089
D74: Promotion | E74: 4.2270125 | F74: 502 | G74: 500 | H74: 501 | I74: 506 | J74: 490 | K74: 12 | L74: 2.4489796
D75: Männer | E75: 57.370518 | F75: 288 | G75: 288 | H75: 287 | I75: 294 | J75: 280 | K75: 8 | L75: 2.8571429
D76: Frauen | E76: 42.629482 | F76: 214 | G76: 212 | H76: 214 | I76: 212 | J76: 210 | K76: 4 | L76: 1.9047619
B77: Ausbildung unbekannt | E77: 6.8917066 | F77: 6033 | G77: 5999 | H77: 5995 | I77: 6143 | J77: 6017 | K77: 16 | L77: 0.26591325
C78: Männer | E78: 58.36234 | F78: 3521 | G78: 3503 | H78: 3494 | I78: 3571 | J78: 3486 | K78: 35 | L78: 1.0040161
C79: Frauen | E79: 41.63766 | F79: 2512 | G79: 2496 | H79: 2501 | I79: 2572 | J79: 2531 | K79: -19 | L79: -0.75069143
L80: © Statistik der Bundesagentur für Arbeit
A81: 1) Anteil an der jeweiligen Gesamtsumme (Spaltenprozent)
A82: 2) Menschen mit Behinderung in anerkannten Einrichtungen, Personen in Einrichtungen der Jugendhilfe, Menschen mit Behinderung in Integrationsprojekt, Teiln. Teilhabe am Arbeitsleben.
A83: 3) "mit anerkanntem Berufsabschluss" ist die Summe aus "mit anerkannter Berufsausbildung" und "Meister-/Techniker-/gleichw. Fachschulabschluss"
A84: 4) "mit akademischem Abschluss" ist die Summe aus "Bachelor", "Diplom/Magister/Master/Staatsexamen" und "Promotion"
A85: *) Aus Datenschutzgründen und Gründen der statistischen Geheimhaltung werden Zahlenwerte von 1 oder 2 und Daten, aus denen rechnerisch auf einen solchen Zahlenwert geschlossen werden kann, anonymisiert.
A86: .X) Nachweis von Veränderungswerten < -250% bzw. > 250% nicht sinnvoll

Sheet Tabelle 2.3
J1: Beschäftigungsstatistik
A3: 2.3 Sozialversicherungspflichtig Beschäftigte nach der Klassifikation der Wirtschaftszweige 2008 (WZ 2008)
A4: Görlitz (14626); Gebietsstand des jeweiligen Stichtags
A5: Stichtag: 30. Juni 2025
A7: Wirtschaftsabschnitte / Wirtschaftsabteilungen / Wirtschaftsgruppen WZ 2008 | C7: Anteile in % 1) | D7: sozialversicherungspflichtig Beschäftigte am Stichtag Ende ... | I7: Veränderung gegenüber dem Vorjahresstichtag (Spalte 1 zu Spalte 5)
D8: Jun. 25 | E8: Mrz. 25 | F8: Dez. 24 | G8: Sep. 24 | H8: Jun. 24
I9: absolut | J9: in %
D10: 1 | E10: 2 | F10: 3 | G10: 4 | H10: 5 | I10: 6 | J10: 7
A11: Insgesamt | C11: 100 | D11: 87540 | E11: 87355 | F11: 88337 | G11: 89302 | H11: 88265 | I11: -725 | J11: -0.82139013
A12: A | B12: Land-, Forstwirtschaft und Fischerei | C12: 1.8585789 | D12: 1627 | E12: 1607 | F12: 1585 | G12: 1679 | H12: 1646 | I12: -19 | J12: -1.1543135
A13: B,D,E | B13: Bergbau, Energie- und Wasserversorgung, Entsorgungswirtschaft | C13: 3.3139136 | D13: 2901 | E13: 2890 | F13: 2910 | G13: 2950 | H13: 2959 | I13: -58 | J13: -1.9601217
A14: C | B14: Verarbeitendes Gewerbe | C14: 22.377199 | D14: 19589 | E14: 19584 | F14: 19652 | G14: 19850 | H14: 19659 | I14: -70 | J14: -0.35607101
A15: dav. 10-15, 18, 21, 31 | B15: Herstellung von überwiegend häuslich konsumierten Gütern (ohne Güter der Metall-, Elektro- und Chemieindustrie) | C15: 7.8398446 | D15: 6863 | E15: 6803 | F15: 6738 | G15: 6800 | H15: 6779 | I15: 84 | J15: 1.2391208
A16: 24-30, 32, 33 | B16: Metall- und Elektroindustrie sowie Stahlindustrie | C16: 10.636281 | D16: 9311 | E16: 9358 | F16: 9428 | G16: 9486 | H16: 9393 | I16: -82 | J16: -0.87299052
A17: 16, 17, 19, 20, 22, 23 | B17: Hrst. v. Vorleistungsgütern, insb. v. chem. Erzeugnissen u. Kunststoffwaren (ohne Güter der Metall- u. Elektroindustrie) | C17: 3.9010738 | D17: 3415 | E17: 3423 | F17: 3486 | G17: 3564 | H17: 3487 | I17: -72 | J17: -2.0648122
A18: F | B18: Baugewerbe | C18: 6.4747544 | D18: 5668 | E18: 5610 | F18: 5739 | G18: 5893 | H18: 5817 | I18: -149 | J18: -2.5614578
A19: G | B19: Handel, Instandhaltung, Reparatur von Kfz | C19: 11.127485 | D19: 9741 | E19: 9819 | F19: 9994 | G19: 10143 | H19: 10027 | I19: -286 | J19: -2.8522988
A20: H | B20: Verkehr und Lagerei | C20: 3.3801691 | D20: 2959 | E20: 2990 | F20: 3073 | G20: 3102 | H20: 3144 | I20: -185 | J20: -5.8842239
A21: I | B21: Gastgewerbe | C21: 3.1973955 | D21: 2799 | E21: 2648 | F21: 2772 | G21: 2912 | H21: 2858 | I21: -59 | J21: -2.0643807
A22: J | B22: Information und Kommunikation | C22: 0.88873658 | D22: 778 | E22: 783 | F22: 807 | G22: 818 | H22: 817 | I22: -39 | J22: -4.7735618
A23: K | B23: Erbringung von Finanz- und Versicherungsdienstleistungen | C23: 1.1411926 | D23: 999 | E23: 989 | F23: 994 | G23: 988 | H23: 974 | I23: 25 | J23: 2.5667351
... A26: dav. N (ohne ANÜ) | B26: sonstige wirtschaftliche Dienstleistungen (ohne Arbeitnehmerüberlassung) | C26: 4.0735664 | D26: 3566 | E26: 3453 | F26: 3539 | G26: 3574 | H26: 3572 | I26: -6 | J26: -0.16797312
A27: 782.783 | B27: Arbeitnehmerüberlassung | C27: 0.66826594 | D27: 585 | E27: 595 | F27: 659 | G27: 704 | H27: 626 | I27: -41 | J27: -6.5495208
A28: O, U | B28: Öffentliche Verwaltung, Verteidigung, Sozialversicherung, Ext. Organisationen | C28: 7.0436372 | D28: 6166 | E28: 6157 | F28: 6233 | G28: 6241 | H28: 6203 | I28: -37 | J28: -0.59648557
A29: P | B29: Erziehung und Unterricht | C29: 4.3317341 | D29: 3792 | E29: 3856 | F29: 3887 | G29: 3828 | H29: 3821 | I29: -29 | J29: -0.75896362
A30: 86 | B30: Gesundheitswesen | C30: 8.2465159 | D30: 7219 | E30: 7285 | F30: 7320 | G30: 7347 | H30: 7152 | I30: 67 | J30: 0.93680089
A31: 87.88 | B31: Heime und Sozialwesen | C31: 12.679918 | D31: 11100 | E31: 11086 | F31: 11055 | G31: 10654 | H31: 10500 | I31: 600 | J31: 5.7142857
A32: R,S,T | B32: sonstige Dienstleistungen, Private Haushalte | C32: 4.2586246 | D32: 3728 | E32: 3709 | F32: 3775 | G32: 3822 | H32: 3728 | I32: 0 | J32: 0
B33: keine Zuordnung möglich | C33: 0 | D33: 0 | E33: 0 | F33: 0 | G33: 0 | H33: 0 | I33: 0 | J33: 0
A34: davon nach Sektoren:
A35: A | B35: Land-, Forstwirtschaft und Fischerei | C35: 1.8585789 | D35: 1627 | E35: 1607 | F35: 1585 | G35: 1679 | H35: 1646 | I35: -19 | J35: -1.1543135
A36: B - F | B36: Produzierendes Gewerbe | C36: 32.165867 | D36: 28158 | E36: 28084 | F36: 28301 | G36: 28693 | H36: 28435 | I36: -277 | J36: -0.97415157
A37: G - U | B37: Dienstleistungsbereich | C37: 65.975554 | D37: 57755 | E37: 57664 | F37: 58451 | G37: 58930 | H37: 58184 | I37: -429 | J37: -0.7373161
J38: © Statistik der Bundesagentur für Arbeit
A39: 1) Anteil an der jeweiligen Gesamtsumme (Spaltenprozent)
A40: *) Aus Datenschutzgründen und Gründen der statistischen Geheimhaltung werden Zahlenwerte von 1 oder 2 und Daten, aus denen rechnerisch auf einen solchen Zahlenwert geschlossen werden kann, anonymisiert. Gleiches gilt, wenn in einer Region weniger als 3 Betriebe ansässig sind oder einer der Betriebe einen so hohen Beschäftigtenanteil auf sich vereint, dass die Beschäftigtenzahl praktisch eine Einzelangabe über den Branchenführer darstellt (Dominanzfall).

Sheet Tabelle 2.4
K1: Beschäftigungsstatistik
A3: 2.4 Sozialversicherungspflichtig Beschäftigte nach der Klassifikation der Berufe (KldB 2010)
A4: Görlitz (14626); Gebietsstand des jeweiligen Stichtags
A5: Stichtag: 30. Juni 2025
A7: Anforderungsniveau/ Berufshauptgruppen/-gruppen (KldB2010) | D7: Anteile in % 1) | E7: sozialversicherungspflichtig Beschäftigte am Stichtag Ende ... | J7: Veränderung gegenüber dem Vorjahresstichtag (Spalte 1 zu Spalte 5)
E8: Jun. 25 | F8: Mrz. 25 | G8: Dez. 24 | H8: Sep. 24 | I8: Jun. 24
J9: absolut | K9: in %
E10: 1 | F10: 2 | G10: 3 | H10: 4 | I10: 5 | J10: 6 | K10: 7
A11: Insgesamt | D11: 100 | E11: 87540 | F11: 87355 | G11: 88337 | H11: 89302 | I11: 88265 | J11: -725 | K11: -0.82139013
A12: darunter nach Anforderungsniveau der ausgeübten Tätigkeit (KldB 2010)
A13: Helfer | D13: 16.446196 | E13: 14397 | F13: 14093 | G13: 14124 | H13: 14335 | I13: 14209 | J13: 188 | K13: 1.3231051
A14: Fachkraft | D14: 61.545579 | E14: 53877 | F14: 53970 | G14: 54801 | H14: 55562 | I14: 54810 | J14: -933 | K14: -1.7022441
A15: Spezialist | D15: 10.877313 | E15: 9522 | F15: 9494 | G15: 9488 | H15: 9506 | I15: 9421 | J15: 101 | K15: 1.072073
A16: Experte | D16: 10.235321 | E16: 8960 | F16: 9012 | G16: 9130 | H16: 9102 | I16: 9040 | J16: -80 | K16: -0.88495575
A17: darunter: ausgewählte Berufsaggregate2) nach der ausgeübten Tätigkeit (KldB 2010)
A18: Bauberufe | D18: 6.3399589 | E18: 5550 | F18: 5470 | G18: 5633 | H18: 5817 | I18: 5713 | J18: -163 | K18: -2.853142
A19: Handwerksberufe | D19: 16.028101 | E19: 14031 | F19: 13949 | G19: 14208 | H19: 14439 | I19: 14244 | J19: -213 | K19: -1.4953665
A20: Ingenieure | D20: 1.6552433 | E20: 1449 | F20: 1442 | G20: 1461 | H20: 1459 | I20: 1444 | J20: 5 | K20: 0.34626039
A21: MINT-Berufe | D21: 19.944026 | E21: 17459 | F21: 17466 | G21: 17709 | H21: 17888 | I21: 17662 | J21: -203 | K21: -1.1493602
A22: Pflegeberufe3) | D22: 9.0370117 | E22: 7911 | F22: 7926 | G22: 7989 | H22: 7998 | I22: 7890 | J22: 21 | K22: 0.2661597
A23: davon nach Berufsfachlichkeit der ausgeübten Tätigkeit (KldB 2010)
A24: 11 | B24: Land-, Tier-, Forstwirtschaftsberufe | D24: 1.6118346 | E24: 1411 | F24: 1399 | G24: 1404 | H24: 1456 | I24: 1414 | J24: -3 | K24: -0.21216407
A25: dar. 111 | B25: Landwirtschaft | D25: 0.84304318 | E25: 738 | F25: 718 | G25: 708 | H25: 750 | I25: 732 | J25: 6 | K25: 0.81967213
A26: 12 | B26: Gartenbauberufe, Floristik | D26: 0.7356637 | E26: 644 | F26: 606 | G26: 592 | H26: 657 | I26: 660 | J26: -16 | K26: -2.4242424
A27: 21 | B27: Rohstoffgewinn,Glas-,Keramikverarbeitung | D27: 1.2988348 | E27: 1137 | F27: 1137 | G27: 1135 | H27: 1154 | I27: 1133 | J27: 4 | K27: 0.35304501
A28: 22 | B28: Kunststoff- u. Holzherst.,-verarbeitung | D28: 2.2743889 | E28: 1991 | F28: 1994 | G28: 2011 | H28: 2047 | I28: 2051 | J28: -60 | K28: -2.9254022
A29: 23 | B29: Papier-,Druckberufe, tech.Mediengestalt. | D29: 0.37811286 | E29: 331 | F29: 340 | G29: 340 | H29: 345 | I29: 339 | J29: -8 | K29: -2.359882
A30: 24 | B30: Metallerzeugung,-bearbeitung, Metallbau | D30: 4.3877085 | E30: 3841 | F30: 3858 | G30: 3890 | H30: 3956 | I30: 3895 | J30: -54 | K30: -1.3863928
A31: 25 | B31: Maschinen- und Fahrzeugtechnikberufe | D31: 4.0998401 | E31: 3589 | F31: 3598 | G31: 3651 | H31: 3689 | I31: 3570 | J31: 19 | K31: 0.53221289
A32: 26 | B32: Mechatronik-, Energie- u. Elektroberufe | D32: 3.4315741 | E32: 3004 | F32: 3001 | G32: 3068 | H32: 3115 | I32: 3095 | J32: -91 | K32: -2.9402262
A33: 27 | B33: Techn.Entwickl.Konstr.Produktionssteuer. | D33: 2.2389765 | E33: 1960 | F33: 1981 | G33: 2004 | H33: 2010 | I33: 2011 | J33: -51 | K33: -2.5360517
A34: 28 | B34: Textil- und Lederberufe | D34: 3.4304318 | E34: 3003 | F34: 2990 | G34: 3034 | H34: 3059 | I34: 3059 | J34: -56 | K34: -1.8306636
A35: 29 | B35: Lebensmittelherstellung u. -verarbeitung | D35: 3.5046836 | E35: 3068 | F35: 3024 | G35: 2893 | H35: 2976 | I35: 2959 | J35: 109 | K35: 3.6836769
A36: dar. 292 | B36: Lebensmittel- u. Genussmittelherstellung | D36: 1.6049806 | E36: 1405 | F36: 1394 | G36: 1246 | H36: 1300 | I36: 1302 | J36: 103 | K36: 7.9109063
A37: dar. 293 | B37: Speisenzubereitung | D37: 1.8197395 | E37: 1593 | F37: 1558 | G37: 1576 | H37: 1602 | I37: 1583 | J37: 10 | K37: 0.63171194
A38: 31 | B38: Bauplanung,Architektur,Vermessungsberufe | D38: 0.58601782 | E38: 513 | F38: 507 | G38: 518 | H38: 514 | I38: 497 | J38: 16 | K38: 3.2193159
A39: 32 | B39: Hoch- und Tiefbauberufe | D39: 2.6342244 | E39: 2306 | F39: 2275 | G39: 2337 | H39: 2433 | I39: 2379 | J39: -73 | K39: -3.0685162
A40: 33 | B40: (Innen-)Ausbauberufe | D40: 1.1743203 | E40: 1028 | F40: 1005 | G40: 1042 | H40: 1095 | I40: 1067 | J40: -39 | K40: -3.6551078
A41: 34 | B41: Gebäude- u. versorgungstechnische Berufe | D41: 3.093443 | E41: 2708 | F41: 2662 | G41: 2690 | H41: 2724 | I41: 2719 | J41: -11 | K41: -0.4045605
A42: 41 | B42: Mathematik-Biologie-Chemie-,Physikberufe | D42: 0.75622573 | E42: 662 | F42: 668 | G42: 683 | H42: 699 | I42: 681 | J42: -19 | K42: -2.7900147
A43: 42 | B43: Geologie-,Geografie-,Umweltschutzberufe | D43: 0.099383139 | E43: 87 | F43: 94 | G43: 97 | H43: 93 | I43: 85 | J43: 2 | K43: 2.3529412
A44: 43 | B44: Informatik- und andere IKT-Berufe | D44: 1.0029701 | E44: 878 | F44: 881 | G44: 903 | H44: 897 | I44: 875 | J44: 3 | K44: 0.34285714
A45: 51 | B45: Verkehr, Logistik (außer Fahrzeugführ.) | D45: 3.6291981 | E45: 3177 | F45: 3190 | G45: 3302 | H45: 3309 | I45: 3250 | J45: -73 | K45: -2.2461538
A46: dar. 513 | B46: Lagerwirt.,Post,Zustellung,Güterumschlag | D46: 2.7575965 | E46: 2414 | F46: 2434 | G46: 2559 | H46: 2552 | I46: 2494 | J46: -80 | K46: -3.2076985
B47: dar. Berufe in der Lagerwirtschaft (5131) | D47: 2.0402102 | E47: 1786 | F47: 1768 | G47: 1841 | H47: 1838 | I47: 1814 | J47: -28 | K47: -1.5435502
A48: 52 | B48: Führer von Fahrzeug- u. Transportgeräten | D48: 3.5686543 | E48: 3124 | F48: 3091 | G48: 3116 | H48: 3191 | I48: 3245 | J48: -121 | K48: -3.7288136
A49: dar. 521 | B49: Fahrzeugführung im Straßenverkehr | D49: 2.7850126 | E49: 2438 | F49: 2421 | G49: 2440 | H49: 2486 | I49: 2533 | J49: -95 | K49: -3.7504935
A50: 53 | B50: Schutz-,Sicherheits-, Überwachungsberufe | D50: 0.75965273 | E50: 665 | F50: 655 | G50: 687 | H50: 697 | I50: 697 | J50: -32 | K50: -4.5911047
A51: dar. 531 | B51: Obj.-,Pers.-,Brandschutz,Arbeitssicherh. | D51: 0.6214302 | E51: 544 | F51: 531 | G51: 561 | H51: 568 | I51: 563 | J51: -19 | K51: -3.374778
A52: 54 | B52: Reinigungsberufe | D52: 2.2378341 | E52: 1959 | F52: 1908 | G52: 1922 | H52: 1942 | I52: 1907 | J52: 52 | K52: 2.726796
A53: 61 | B53: Einkaufs-, Vertriebs- und Handelsberufe | D53: 1.5581448 | E53: 1364 | F53: 1382 | G53: 1396 | H53: 1402 | I53: 1385 | J53: -21 | K53: -1.5162455
A54: 62 | B54: Verkaufsberufe | D54: 6.4976011 | E54: 5688 | F54: 5703 | G54: 5831 | H54: 5913 | I54: 5843 | J54: -155 | K54: -2.6527469
A55: 63 | B55: Tourismus-, Hotel- und Gaststättenberufe | D55: 2.0733379 | E55: 1815 | F55: 1696 | G55: 1765 | H55: 1872 | I55: 1789 | J55: 26 | K55: 1.4533259
A56: dar. 632 | B56: Hotellerie | D56: 0.41124058 | E56: 360 | F56: 350 | G56: 365 | H56: 374 | I56: 370 | J56: -10 | K56: -2.7027027
A57: dar. 633 | B57: Gastronomie | D57: 1.4313457 | E57: 1253 | F57: 1148 | G57: 1185 | H57: 1275 | I57: 1203 | J57: 50 | K57: 4.156276
A58: 71 | B58: Berufe Unternehmensführung,-organisation | D58: 9.4071282 | E58: 8235 | F58: 8239 | G58: 8312 | H58: 8365 | I58: 8273 | J58: -38 | K58: -0.45932552
A59: dar. 713 | B59: Unternehmensorganisation und -strategie | D59: 3.2019648 | E59: 2803 | F59: 2825 | G59: 2864 | H59: 2879 | I59: 2866 | J59: -63 | K59: -2.1981856
A60: dar. 714 | B60: Büro und Sekretariat | D60: 5.1930546 | E60: 4546 | F60: 4523 | G60: 4562 | H60: 4587 | I60: 4525 | J60: 21 | K60: 0.4640884
A61: 72 | B61: Finanzdienstl.Rechnungsw.,Steuerberatung | D61: 2.4765821 | E61: 2168 | F61: 2149 | G61: 2171 | H61: 2173 | I61: 2158 | J61: 10 | K61: 0.46339203
A62: dar. 721 | B62: Versicherungs- u. Finanzdienstleistungen | D62: 0.94014165 | E62: 823 | F62: 817 | G62: 822 | H62: 817 | I62: 810 | J62: 13 | K62: 1.6049383
A63: dar. 722 | B63: Rechnungswesen, Controlling und Revision | D63: 1.1400503 | E63: 998 | F63: 980 | G63: 997 | H63: 995 | I63: 1000 | J63: -2 | K63: -0.2
A64: 73 | B64: Berufe in Recht und Verwaltung | D64: 2.8672607 | E64: 2510 | F64: 2511 | G64: 2558 | H64: 2545 | I64: 2539 | J64: -29 | K64: -1.142182
A65: dar. 732 | B65: Verwaltung | D65: 2.5633996 | E65: 2244 | F65: 2246 | G65: 2289 | H65: 2270 | I65: 2272 | J65: -28 | K65: -1.2323944
A66: 81 | B66: Medizinische Gesundheitsberufe | D66: 9.9634453 | E66: 8722 | F66: 8762 | G66: 8786 | H66: 8803 | I66: 8561 | J66: 161 | K66: 1.8806214
A67: dar. 811 | B67: Arzt- und Praxishilfe | D67: 1.459904 | E67: 1278 | F67: 1308 | G67: 1315 | H67: 1334 | I67: 1304 | J67: -26 | K67: -1.993865
A68: dar. 813 | B68: Gesundh.,Krankenpfl.,Rettungsd.Geburtsh. 3) | D68: 5.6305689 | E68: 4929 | F68: 4943 | G68: 4947 | H68: 4969 | I68: 4810 | J68: 119 | K68: 2.4740125
A69: dar. 814 | B69: Human- und Zahnmedizin | D69: 0.81448481 | E69: 713 | F69: 693 | G69: 694 | H69: 690 | I69: 680 | J69: 33 | K69: 4.8529412
A70: dar. 817 | B70: Nicht ärztliche Therapie und Heilkunde | D70: 1.2702764 | E70: 1112 | F70: 1120 | G70: 1129 | H70: 1121 | I70: 1120 | J70: -8 | K70: -0.71428571
A71: 82 | B71: Nichtmed.Gesundheit,Körperpfl.,Medizint. | D71: 4.8183687 | E71: 4218 | F71: 4226 | G71: 4297 | H71: 4304 | I71: 4334 | J71: -116 | K71: -2.6765113
A72: dar. 821 | B72: Altenpflege 3) | D72: 3.8016907 | E72: 3328 | F72: 3332 | G72: 3381 | H72: 3379 | I72: 3418 | J72: -90 | K72: -2.6331188
A73: dar. 823 | B73: Körperpflege | D73: 0.53918209 | E73: 472 | F73: 471 | G73: 473 | H73: 477 | I73: 477 | J73: -5 | K73: -1.048218
A74: 83 | B74: Erziehung,soz.,hauswirt.Berufe,Theologie | D74: 7.6205163 | E74: 6671 | F74: 6661 | G74: 6676 | H74: 6613 | I74: 6517 | J74: 154 | K74: 2.3630505
A75: dar. 831 | B75: Erziehung,Sozialarb.,Heilerziehungspfl. | D75: 6.435915 | E75: 5634 | F75: 5623 | G75: 5650 | H75: 5589 | I75: 5493 | J75: 141 | K75: 2.5669033
B76: dar. Berufe i.d. Kinderbetr., -erziehung (8311) | D76: 3.1893991 | E76: 2792 | F76: 2816 | G76: 2853 | H76: 2836 | I76: 2832 | J76: -40 | K76: -1.4124294
A77: 84 | B77: Lehrende und ausbildende Berufe | D77: 3.2385195 | E77: 2835 | F77: 2891 | G77: 2915 | H77: 2888 | I77: 2897 | J77: -62 | K77: -2.140145
A78: dar. 841 | B78: Lehrtätigkeit an allgemeinbild. Schulen | D78: 1.8562943 | E78: 1625 | F78: 1680 | G78: 1688 | H78: 1670 | I78: 1700 | J78: -75 | K78: -4.4117647
A79: dar. 842 | B79: Lehrt.berufsb.Fächer,betr.Ausb.,Betr.päd | D79: 0.44094128 | E79: 386 | F79: 382 | G79: 389 | H79: 395 | I79: 400 | J79: -14 | K79: -3.5
A80: dar. 843 | B80: Lehr-, Forschungstätigkeit an Hochschulen | D80: 0.55860178 | E80: 489 | F80: 473 | G80: 468 | H80: 449 | I80: 441 | J80: 48 | K80: 10.884354
A81: 91 | B81: Geistes-Gesellschafts-Wirtschaftswissen. | D81: 0.13365319 | E81: 117 | F81: 118 | G81: 115 | H81: 115 | I81: 120 | J81: -3 | K81: -2.5
A82: 92 | B82: Werbung,Marketing,kaufm,red.Medienberufe | D82: 0.80191912 | E82: 702 | F82: 723 | G82: 748 | H82: 775 | I82: 834 | J82: -132 | K82: -15.827338
A83: 93 | B83: Produktdesign, Kunsthandwerk | D83: 0.31756911 | E83: 278 | F83: 280 | G83: 290 | H83: 300 | I83: 296 | J83: -18 | K83: -6.0810811
A84: 94 | B84: Darstellende, unterhaltende Berufe | D84: 0.3792552 | E84: 332 | F84: 347 | G84: 344 | H84: 358 | I84: 324 | J84: 8 | K84: 2.4691358
A85: XX | B85: Sonstige / Keine Angabe | D85: 0.91272561 | E85: 799 | F85: 803 | G85: 814 | H85: 818 | I85: 807 | J85: -8 | K85: -0.9913259
K86: © Statistik der Bundesagentur für Arbeit
A87: 1) Anteil an der jeweiligen Gesamtsumme (Spaltenprozent)
A88: 2) Beschreibung der Berufsaggregate siehe beigefügtes Hinweisblatt "Berufsaggregate"
A89: 3) Aufgrund der Anfang 2020 eingeführten generalistischen Ausbildung zur Pflegefachfrau bzw. zum Pflegefachmann kann in den Arbeitsmarktstatistiken ab diesem Zeitpunkt nicht mehr trennscharf zwischen Gesundheits- und Krankenpflege einerseits und Altenpflege andererseits unterschieden werden. Daher werden beide Bereiche standardmäßig als Aggregat dargestellt und berichtet. In der Regel wird dazu das Aggregat “Pflegeberufe“ mit den Systematikpositionen 8130 Gesundheits-, Krankenpflege (o.S.), 8131 Fachkrankenpflege, 8132 Fachkinderkrankenpflege, 8138 Gesundheits-, Krankenpflege (ssT), 8139 Aufsicht, Führung – Pflege, Rettungsdienst, 821 Altenpflege (einschließlich Führung) der Klassifikation der Berufe 20210 (KldB 2010) verwendet, Fach- und Assistenzkräfte in der operationstechnischen Assistenz, im Rettungsdienst sowie in der Geburtshilfe sind nicht enthalten. Für weitere Informationen siehe auch Hintergrundinfo "Pflegeberufe in den Arbeitsmarktstatistiken 07/2021“.
A90: *) Aus Datenschutzgründen und Gründen der statistischen Geheimhaltung werden Zahlenwerte von 1 oder 2 und Daten, aus denen rechnerisch auf einen solchen Zahlenwert geschlossen werden kann, anonymisiert.
A91: () Eingeschränkte Aussagekraft der beruflichen Tätigkeit nach KldB 2010 bei niedriger Fallzahl.

Sheet Tabelle 3.1
J1: Beschäftigungsstatistik
A3: 3.1 Geringfügig entlohnte Beschäftigte nach Regionen und ausgewählten Merkmalen
A4: ausgewählte Regionen; Gebietsstand des jeweiligen Stichtags
A5: Stichtag: 30. Juni 2025
A7: Regionen / Merkmale | C7: Anteile in % 1) | D7: geringfügig entlohnte Beschäftigte am Stichtag Ende ... | I7: Veränderung gegenüber dem Vorjahresstichtag (Spalte 1 zu Spalte 5)
D8: Jun. 25 | E8: Mrz. 25 | F8: Dez. 24 | G8: Sep. 24 | H8: Jun. 24
I9: absolut | J9: in %
D10: 1 | E10: 2 | F10: 3 | G10: 4 | H10: 5 | I10: 6 | J10: 7
A11: Görlitz (14626)
A12: Insgesamt | C12: 100 | D12: 11635 | E12: 11201 | F12: 11370 | G12: 11401 | H12: 11352 | I12: 283 | J12: 2.4929528
A13: dav. | B13: Männer | C13: 43.824667 | D13: 5099 | E13: 4899 | F13: 4922 | G13: 4931 | H13: 4926 | I13: 173 | J13: 3.5119773
B14: Frauen | C14: 56.175333 | D14: 6536 | E14: 6302 | F14: 6448 | G14: 6470 | H14: 6426 | I14: 110 | J14: 1.7117958
A15: dav. | B15: unter 25 Jahre | C15: 14.937688 | D15: 1738 | E15: 1471 | F15: 1483 | G15: 1532 | H15: 1608 | I15: 130 | J15: 8.0845771
B16: 25 bis unter 55 Jahre | C16: 36.106575 | D16: 4201 | E16: 4139 | F16: 4214 | G16: 4175 | H16: 4107 | I16: 94 | J16: 2.2887753
B17: 55 bis unter 65 Jahre | C17: 20.232058 | D17: 2354 | E17: 2364 | F17: 2391 | G17: 2418 | H17: 2437 | I17: -83 | J17: -3.4058268
B18: 65 Jahre und älter | C18: 28.723679 | D18: 3342 | E18: 3227 | F18: 3282 | G18: 3276 | H18: 3200 | I18: 142 | J18: 4.4375
B19: dar.: bis zur Altersgrenze | C19: 4.9505801 | D19: 576 | E19: 540 | F19: 500 | G19: 481 | H19: 464 | I19: 112 | J19: 24.137931
A20: dar. | B20: Deutsche | C20: 90.588741 | D20: 10540 | E20: 10189 | F20: 10354 | G20: 10345 | H20: 10328 | I20: 212 | J20: 2.0526723
B21: Ausländer | C21: 9.4112591 | D21: 1095 | E21: 1012 | F21: 1016 | G21: 1056 | H21: 1024 | I21: 71 | J21: 6.9335938
A22: Bundesland Sachsen
A23: Insgesamt | C23: 100 | D23: 233735 | E23: 228375 | F23: 232335 | G23: 231546 | H23: 231714 | I23: 2021 | J23: 0.8721959
A24: dav. | B24: Männer | C24: 46.285751 | D24: 108186 | E24: 105692 | F24: 106960 | G24: 106661 | H24: 106660 | I24: 1526 | J24: 1.4307144
B25: Frauen | C25: 53.714249 | D25: 125549 | E25: 122683 | F25: 125375 | G25: 124885 | H25: 125054 | I25: 495 | J25: 0.395829
A26: dav. | B26: unter 25 Jahre | C26: 20.495861 | D26: 47906 | E26: 44850 | F26: 46449 | G26: 46178 | H26: 47624 | I26: 282 | J26: 0.59213842
B27: 25 bis unter 55 Jahre | C27: 40.060753 | D27: 93636 | E27: 92507 | F27: 93611 | G27: 92814 | H27: 92085 | I27: 1551 | J27: 1.6843134
B28: 55 bis unter 65 Jahre | C28: 15.144073 | D28: 35397 | E28: 35322 | F28: 35727 | G28: 36134 | H28: 36213 | I28: -816 | J28: -2.2533344
B29: 65 Jahre und älter | C29: 24.298885 | D29: 56795 | E29: 55695 | F29: 56548 | G29: 56420 | H29: 55792 | I29: 1003 | J29: 1.7977488
B30: dar.: bis zur Altersgrenze | C30: 3.6712516 | D30: 8581 | E30: 8581 | F30: 7529 | G30: 7625 | H30: 7344 | I30: 1237 | J30: 16.843682
A31: dar. | B31: Deutsche | C31: 90.796843 | D31: 212224 | E31: 207776 | F31: 211988 | G31: 211464 | H31: 211858 | I31: 366 | J31: 0.17275722
B32: Ausländer | C32: 9.2031574 | D32: 21511 | E32: 20599 | F32: 20347 | G32: 20082 | H32: 19856 | I32: 1655 | J32: 8.3350121
A33: Ostdeutschland
A34: Insgesamt | C34: 100 | D34: 917029 | E34: 892571 | F34: 904804 | G34: 905616 | H34: 907133 | I34: 9896 | J34: 1.0909095
A35: dav. | B35: Männer | C35: 46.651305 | D35: 427806 | E35: 416387 | F35: 421126 | G35: 422159 | H35: 421734 | I35: 6072 | J35: 1.4397701
B36: Frauen | C36: 53.348695 | D36: 489223 | E36: 476184 | F36: 483678 | G36: 483457 | H36: 485399 | I36: 3824 | J36: 0.7878055
A37: dav. | B37: unter 25 Jahre | C37: 19.922816 | D37: 182698 | E37: 170893 | F37: 175014 | G37: 175725 | H37: 181096 | I37: 1602 | J37: 0.88461369
B38: 25 bis unter 55 Jahre | C38: 42.363219 | D38: 388483 | E38: 381218 | F38: 385658 | G38: 384067 | H38: 382578 | I38: 5905 | J38: 1.5434761
B39: 55 bis unter 65 Jahre | C39: 15.660137 | D39: 143608 | E39: 143322 | F39: 144890 | G39: 146631 | H39: 147264 | I39: -3656 | J39: -2.4826163
B40: 65 Jahre und älter | C40: 22.05361 | D40: 202238 | E40: 197136 | F40: 199240 | G40: 199191 | H40: 196193 | I40: 6045 | J40: 3.0811497
B41: dar.: bis zur Altersgrenze | C41: 3.4025096 | D41: 31202 | E41: 30860 | F41: 26739 | G41: 27074 | H41: 26155 | I41: 5047 | J41: 19.296502
A42: dar. | B42: Deutsche | C42: 87.619476 | D42: 803496 | E42: 783394 | F42: 795003 | G42: 796951 | H42: 798956 | I42: 4540 | J42: 0.56824156
B43: Ausländer | C43: 12.380524 | D43: 113533 | E43: 109176 | F43: 109800 | G43: 108663 | H43: 108175 | I43: 5358 | J43: 4.9530853
A44: Deutschland
A45: Insgesamt | C45: 100 | D45: 7672578 | E45: 7545137 | F45: 7627821 | G45: 7643204 | H45: 7683297 | I45: -10719 | J45: -0.13951042
A46: dav. | B46: Männer | C46: 44.075668 | D46: 3381740 | E46: 3319405 | F46: 3351195 | G46: 3354048 | H46: 3354425 | I46: 27315 | J46: 0.81429753
B47: Frauen | C47: 55.924332 | D47: 4290838 | E47: 4225732 | F47: 4276626 | G47: 4289156 | H47: 4328872 | I47: -38034 | J47: -0.87861226
A48: dav. | B48: unter 25 Jahre | C48: 19.310354 | D48: 1481602 | E48: 1415845 | F48: 1443326 | G48: 1444333 | H48: 1493292 | I48: -11690 | J48: -0.78283417
B49: 25 bis unter 55 Jahre | C49: 46.601468 | D49: 3575534 | E49: 3538800 | F49: 3577794 | G49: 3588364 | H49: 3594098 | I49: -18564 | J49: -0.51651346
B50: 55 bis unter 65 Jahre | C50: 17.001026 | D50: 1304417 | E50: 1303459 | F50: 1316651 | G50: 1327206 | H50: 1327718 | I50: -23301 | J50: -1.754966
B51: 65 Jahre und älter | C51: 17.086904 | D51: 1311006 | E51: 1287022 | F51: 1290041 | G51: 1283291 | H51: 1268177 | I51: 42829 | J51: 3.37721
B52: dar.: bis zur Altersgrenze | C52: 2.5429393 | D52: 195109 | E52: 194181 | F52: 166580 | G52: 168240 | H52: 164304 | I52: 30805 | J52: 18.748783
A53: dar. | B53: Deutsche | C53: 82.980206 | D53: 6366721 | E53: 6269193 | F53: 6349915 | G53: 6369548 | H53: 6411857 | I53: -45136 | J53: -0.70394583
B54: Ausländer | C54: 17.019755 | D54: 1305854 | E54: 1275939 | F54: 1277899 | G54: 1273648 | H54: 1271433 | I54: 34421 | J54: 2.7072602
A55: Görlitz (14626) am Wohnort
A56: Insgesamt | C56: 100 | D56: 12568 | E56: 12192 | F56: 12476 | G56: 12485 | H56: 12422 | I56: 146 | J56: 1.1753341
A57: dav. | B57: Männer | C57: 45.464672 | D57: 5714 | E57: 5524 | F57: 5595 | G57: 5610 | H57: 5596 | I57: 118 | J57: 2.108649
B58: Frauen | C58: 54.535328 | D58: 6854 | E58: 6668 | F58: 6881 | G58: 6875 | H58: 6826 | I58: 28 | J58: 0.41019631
A59: dav. | B59: unter 25 Jahre | C59: 14.528962 | D59: 1826 | E59: 1585 | F59: 1615 | G59: 1638 | H59: 1697 | I59: 129 | J59: 7.60165
B60: 25 bis unter 55 Jahre | C60: 35.956397 | D60: 4519 | E60: 4462 | F60: 4618 | G60: 4555 | H60: 4487 | I60: 32 | J60: 0.71317138
B61: 55 bis unter 65 Jahre | C61: 20.719287 | D61: 2604 | E61: 2630 | F61: 2664 | G61: 2708 | H61: 2725 | I61: -121 | J61: -4.440367
B62: 65 Jahre und älter | C62: 28.795353 | D62: 3619 | E62: 3515 | F62: 3579 | G62: 3584 | H62: 3513 | I62: 106 | J62: 3.0173641
B63: dar.: bis zur Altersgrenze | C63: 4.9809039 | D63: 626 | E63: 592 | F63: 545 | G63: 533 | H63: 509 | I63: 117 | J63: 22.986248
A64: dar. | B64: Deutsche | C64: 93.936983 | D64: 11806 | E64: 11468 | F64: 11745 | G64: 11776 | H64: 11713 | I64: 93 | J64: 0.79398958
B65: Ausländer | C65: 6.0630172 | D65: 762 | E65: 724 | F65: 731 | G65: 709 | H65: 709 | I65: 53 | J65: 7.4753173
J66: © Statistik der Bundesagentur für Arbeit
A67: 1) Anteil an der jeweiligen Gesamtsumme (Spaltenprozent)
A68: *) Aus Datenschutzgründen und Gründen der statistischen Geheimhaltung werden Zahlenwerte von 1 oder 2 und Daten, aus denen rechnerisch auf einen solchen Zahlenwert geschlossen werden kann, anonymisiert.

Sheet Tabelle 3.2
L1: Beschäftigungsstatistik
A3: 3.2 Geringfügig entlohnte Beschäftigte nach ausgewählten Merkmalen
A4: Görlitz (14626); Gebietsstand des jeweiligen Stichtags
A5: Stichtag: 30. Juni 2025
A7: Merkmale | E7: Anteile in % 1) | F7: geringfügig entlohnte Beschäftigte am Stichtag Ende ... | K7: Veränderung gegenüber dem Vorjahresstichtag (Spalte 1 zu Spalte 5)
F8: Jun. 25 | G8: Mrz. 25 | H8: Dez. 24 | I8: Sep. 24 | J8: Jun. 24
K9: absolut | L9: in %
F10: 1 | G10: 2 | H10: 3 | I10: 4 | J10: 5 | K10: 6 | L10: 7
A11: Insgesamt | E11: 100 | F11: 11635 | G11: 11201 | H11: 11370 | I11: 11401 | J11: 11352 | K11: 283 | L11: 2.4929528
A12: nach dem Geschlecht dav. Männer | E12: 43.824667 | F12: 5099 | G12: 4899 | H12: 4922 | I12: 4931 | J12: 4926 | K12: 173 | L12: 3.5119773
B13: Frauen | E13: 56.175333 | F13: 6536 | G13: 6302 | H13: 6448 | I13: 6470 | J13: 6426 | K13: 110 | L13: 1.7117958
A14: nach Altersgruppen und Geschlecht dav. unter 25 Jahre | E14: 14.937688 | F14: 1738 | G14: 1471 | H14: 1483 | I14: 1532 | J14: 1608 | K14: 130 | L14: 8.0845771
C15: Männer | E15: 40.218642 | F15: 699 | G15: 587 | H15: 573 | I15: 603 | J15: 650 | K15: 49 | L15: 7.5384615
C16: Frauen | E16: 59.781358 | F16: 1039 | G16: 884 | H16: 910 | I16: 929 | J16: 958 | K16: 81 | L16: 8.4551148
B17: 25 bis unter 55 Jahre | E17: 36.106575 | F17: 4201 | G17: 4139 | H17: 4214 | I17: 4175 | J17: 4107 | K17: 94 | L17: 2.2887753
C18: Männer | E18: 42.061414 | F18: 1767 | G18: 1724 | H18: 1725 | I18: 1709 | J18: 1682 | K18: 85 | L18: 5.0535077
C19: Frauen | E19: 57.938586 | F19: 2434 | G19: 2415 | H19: 2489 | I19: 2466 | J19: 2425 | K19: 9 | L19: 0.37113402
B20: 55 bis unter 65 Jahre | E20: 20.232058 | F20: 2354 | G20: 2364 | H20: 2391 | I20: 2418 | J20: 2437 | K20: -83 | L20: -3.4058268
C21: Männer | E21: 38.105353 | F21: 897 | G21: 914 | H21: 921 | I21: 924 | J21: 935 | K21: -38 | L21: -4.0641711
C22: Frauen | E22: 61.894647 | F22: 1457 | G22: 1450 | H22: 1470 | I22: 1494 | J22: 1502 | K22: -45 | L22: -2.9960053
B23: 65 Jahre und älter | E23: 28.723679 | F23: 3342 | G23: 3227 | H23: 3282 | I23: 3276 | J23: 3200 | K23: 142 | L23: 4.4375
C24: Männer | E24: 51.944943 | F24: 1736 | G24: 1674 | H24: 1703 | I24: 1695 | J24: 1659 | K24: 77 | L24: 4.6413502
C25: Frauen | E25: 48.055057 | F25: 1606 | G25: 1553 | H25: 1579 | I25: 1581 | J25: 1541 | K25: 65 | L25: 4.2180402
C26: dar. | D26: bis zur Altersgrenze | E26: 4.9505801 | F26: 576 | G26: 540 | H26: 500 | I26: 481 | J26: 464 | K26: 112 | L26: 24.137931
D27: Männer | E27: 46.354167 | F27: 267 | G27: 245 | H27: 229 | I27: 213 | J27: 208 | K27: 59 | L27: 28.365385
D28: Frauen | E28: 53.645833 | F28: 309 | G28: 295 | H28: 271 | I28: 268 | J28: 256 | K28: 53 | L28: 20.703125
A29: nach Nationalität und Geschlecht dar. Deutsche | E29: 90.588741 | F29: 10540 | G29: 10189 | H29: 10354 | I29: 10345 | J29: 10328 | K29: 212 | L29: 2.0526723
C30: Männer | E30: 44.079696 | F30: 4646 | G30: 4484 | H30: 4507 | I30: 4502 | J30: 4492 | K30: 154 | L30: 3.428317
C31: Frauen | E31: 55.920304 | F31: 5894 | G31: 5705 | H31: 5847 | I31: 5843 | J31: 5836 | K31: 58 | L31: 0.99383139
B32: Ausländer | E32: 9.4112591 | F32: 1095 | G32: 1012 | H32: 1016 | I32: 1056 | J32: 1024 | K32: 71 | L32: 6.9335938
C33: Männer | E33: 41.369863 | F33: 453 | G33: 415 | H33: 415 | I33: 429 | J33: 434 | K33: 19 | L33: 4.3778802
C34: Frauen | E34: 58.630137 | F34: 642 | G34: 597 | H34: 601 | I34: 627 | J34: 590 | K34: 52 | L34: 8.8135593
A35: nach dem Berufsabschluss und Geschlecht dav. ohne beruflichen Ausbildungsabschluss | E35: 13.433606 | F35: 1563 | G35: 1344 | H35: 1336 | I35: 1392 | J35: 1438 | K35: 125 | L35: 8.6926287
C36: Männer | E36: 42.866283 | F36: 670 | G36: 569 | H36: 548 | I36: 586 | J36: 619 | K36: 51 | L36: 8.2390953
C37: Frauen | E37: 57.133717 | F37: 893 | G37: 775 | H37: 788 | I37: 806 | J37: 819 | K37: 74 | L37: 9.035409
B38: mit anerkanntem Berufsabschluss 2) | E38: 64.933391 | F38: 7555 | G38: 7412 | H38: 7568 | I38: 7508 | J38: 7415 | K38: 140 | L38: 1.8880647
C39: Männer | E39: 43.878226 | F39: 3315 | G39: 3240 | H39: 3294 | I39: 3265 | J39: 3208 | K39: 107 | L39: 3.3354115
C40: Frauen | E40: 56.121774 | F40: 4240 | G40: 4172 | H40: 4274 | I40: 4243 | J40: 4207 | K40: 33 | L40: 0.78440694
B41: mit akademischem Abschluss 3) | E41: 10.855178 | F41: 1263 | G41: 1224 | H41: 1201 | I41: 1212 | J41: 1189 | K41: 74 | L41: 6.2237174
C42: Männer | E42: 43.863816 | F42: 554 | G42: 548 | H42: 539 | I42: 542 | J42: 536 | K42: 18 | L42: 3.358209
C43: Frauen | E43: 56.136184 | F43: 709 | G43: 676 | H43: 662 | I43: 670 | J43: 653 | K43: 56 | L43: 8.575804
B44: Ausbildung unbekannt | E44: 10.777826 | F44: 1254 | G44: 1221 | H44: 1265 | I44: 1289 | J44: 1310 | K44: -56 | L44: -4.2748092
C45: Männer | E45: 44.657097 | F45: 560 | G45: 542 | H45: 541 | I45: 538 | J45: 563 | K45: -3 | L45: -0.53285968
C46: Frauen | E46: 55.342903 | F46: 694 | G46: 679 | H46: 724 | I46: 751 | J46: 747 | K46: -53 | L46: -7.0950469
L47: © Statistik der Bundesagentur für Arbeit
A48: 1) Anteil an der jeweiligen Gesamtsumme (Spaltenprozent)
A49: 2) "mit anerkanntem Berufsabschluss" ist die Summe aus "mit anerkannter Berufsausbildung" und "Meister-/Techniker-/gleichw. Fachschulabschluss"
A50: 3) "mit akademischem Abschluss" ist die Summe aus "Bachelor", "Diplom/Magister/Master/Staatsexamen" und "Promotion"
A51: *) Aus Datenschutzgründen und Gründen der statistischen Geheimhaltung werden Zahlenwerte von 1 oder 2 und Daten, aus denen rechnerisch auf einen solchen Zahlenwert geschlossen werden kann, anonymisiert.
A52: .X) Nachweis von Veränderungswerten < -250% bzw. > 250% nicht sinnvoll

Sheet Tabelle 3.3
J1: Beschäftigungsstatistik
A3: 3.3 Geringfügig entlohnte Beschäftigte nach der Klassifikation der Wirtschaftszweige 2008 (WZ 2008)
A4: Görlitz (14626); Gebietsstand des jeweiligen Stichtags
A5: Stichtag: 30. Juni 2025
A7: Wirtschaftsabschnitte / Wirtschaftsabteilungen / Wirtschaftsgruppen WZ 2008 | C7: Anteile in % 1) | D7: geringfügig entlohnte Beschäftigte am Stichtag Ende ... | I7: Veränderung gegenüber dem Vorjahresstichtag (Spalte 1 zu Spalte 5)
D8: Jun. 25 | E8: Mrz. 25 | F8: Dez. 24 | G8: Sep. 24 | H8: Jun. 24
I9: absolut | J9: in %
D10: 1 | E10: 2 | F10: 3 | G10: 4 | H10: 5 | I10: 6 | J10: 7
A11: Insgesamt | C11: 100 | D11: 11635 | E11: 11201 | F11: 11370 | G11: 11401 | H11: 11352 | I11: 283 | J11: 2.4929528
A12: A | B12: Land-, Forstwirtschaft und Fischerei | C12: 2.5870219 | D12: 301 | E12: 301 | F12: 331 | G12: 327 | H12: 323 | I12: -22 | J12: -6.8111455
A13: B,D,E | B13: Bergbau, Energie- und Wasserversorgung, Entsorgungswirtschaft | C13: 0.6617963 | D13: 77 | E13: 81 | F13: 78 | G13: 80 | H13: 89 | I13: -12 | J13: -13.483146
A14: C | B14: Verarbeitendes Gewerbe | C14: 8.0790718 | D14: 940 | E14: 907 | F14: 954 | G14: 935 | H14: 930 | I14: 10 | J14: 1.0752688
A15: dav. 10-15, 18, 21, 31 | B15: Herstellung von überwiegend häuslich konsumierten Gütern (ohne Güter der Metall-, Elektro- und Chemieindustrie) | C15: 3.9020198 | D15: 454 | E15: 410 | F15: 445 | G15: 442 | H15: 444 | I15: 10 | J15: 2.2522523
A16: 24-30, 32, 33 | B16: Metall- und Elektroindustrie sowie Stahlindustrie | C16: 3.2746025 | D16: 381 | E16: 383 | F16: 388 | G16: 385 | H16: 375 | I16: 6 | J16: 1.6
A17: 16, 17, 19, 20, ,22, 23 | B17: Hrst. v. Vorleistungsgütern, insb. v. chem. Erzeugnissen u. Kunststoffwaren (ohne Güter der Metall- u. Elektroindustrie) | C17: 0.90244951 | D17: 105 | E17: 114 | F17: 121 | G17: 108 | H17: 111 | I17: -6 | J17: -5.4054054
A18: F | B18: Baugewerbe | C18: 6.8758058 | D18: 800 | E18: 774 | F18: 793 | G18: 782 | H18: 770 | I18: 30 | J18: 3.8961039
A19: G | B19: Handel, Instandhaltung, Reparatur von Kfz | C19: 14.946283 | D19: 1739 | E19: 1674 | F19: 1690 | G19: 1662 | H19: 1691 | I19: 48 | J19: 2.8385571
A20: H | B20: Verkehr und Lagerei | C20: 4.5208423 | D20: 526 | E20: 515 | F20: 511 | G20: 533 | H20: 516 | I20: 10 | J20: 1.9379845
A21: I | B21: Gastgewerbe | C21: 14.387624 | D21: 1674 | E21: 1505 | F21: 1493 | G21: 1592 | H21: 1551 | I21: 123 | J21: 7.9303675
A22: J | B22: Information und Kommunikation | C22: 1.0399656 | D22: 121 | E22: 118 | F22: 130 | G22: 126 | H22: 122 | I22: -1 | J22: -0.81967213
A23: K | B23: Erbringung von Finanz- und Versicherungsdienstleistungen | C23: 1.5384615 | D23: 179 | E23: 172 | F23: 169 | G23: 162 | H23: 164 | I23: 15 | J23: 9.1463415
... A26: dav. N (ohne ANÜ) | B26: sonstige wirtschaftliche Dienstleistungen (ohne Arbeitnehmerüberlassung) | C26: 7.9157714 | D26: 921 | E26: 919 | F26: 942 | G26: 917 | H26: 911 | I26: 10 | J26: 1.0976948
A27: 782.783 | B27: Arbeitnehmerüberlassung | C27: 0.042973786 | D27: 5 | E27: 4 | F27: 3 | G27: 5 | H27: 6 | I27: -1 | J27: -16.666667
A28: O, U | B28: Öffentliche Verwaltung, Verteidigung, Sozialversicherung, Ext. Organisationen | C28: 2.088526 | D28: 243 | E28: 229 | F28: 230 | G28: 227 | H28: 225 | I28: 18 | J28: 8
A29: P | B29: Erziehung und Unterricht | C29: 2.5870219 | D29: 301 | E29: 300 | F29: 303 | G29: 297 | H29: 306 | I29: -5 | J29: -1.6339869
A30: 86 | B30: Gesundheitswesen | C30: 7.3571122 | D30: 856 | E30: 865 | F30: 869 | G30: 853 | H30: 825 | I30: 31 | J30: 3.7575758
A31: 87.88 | B31: Heime und Sozialwesen | C31: 5.0021487 | D31: 582 | E31: 575 | F31: 582 | G31: 566 | H31: 555 | I31: 27 | J31: 4.8648649
A32: R,S,T | B32: sonstige Dienstleistungen, Private Haushalte | C32: 11.749033 | D32: 1367 | E32: 1280 | F32: 1291 | G32: 1344 | H32: 1351 | I32: 16 | J32: 1.1843079
B33: keine Zuordnung möglich | C33: 0 | D33: 0 | E33: 0 | F33: 0 | G33: 0 | H33: 0 | I33: 0 | J33: 0
A34: davon nach Sektoren:
A35: A | B35: Land-, Forstwirtschaft und Fischerei | C35: 2.5870219 | D35: 301 | E35: 301 | F35: 331 | G35: 327 | H35: 323 | I35: -22 | J35: -6.8111455
A36: B - F | B36: Produzierendes Gewerbe | C36: 15.616674 | D36: 1817 | E36: 1762 | F36: 1825 | G36: 1797 | H36: 1789 | I36: 28 | J36: 1.5651202
A37: G - U | B37: Dienstleistungsbereich | C37: 81.796304 | D37: 9517 | E37: 9138 | F37: 9214 | G37: 9277 | H37: 9240 | I37: 277 | J37: 2.9978355
J38: © Statistik der Bundesagentur für Arbeit
A39: 1) Anteil an der jeweiligen Gesamtsumme (Spaltenprozent)
A40: *) Aus Datenschutzgründen und Gründen der statistischen Geheimhaltung werden Zahlenwerte von 1 oder 2 und Daten, aus denen rechnerisch auf einen solchen Zahlenwert geschlossen werden kann, anonymisiert. Gleiches gilt, wenn in einer Region weniger als 3 Betriebe ansässig sind oder einer der Betriebe einen so hohen Beschäftigtenanteil auf sich vereint, dass die Beschäftigtenzahl praktisch eine Einzelangabe über den Branchenführer darstellt (Dominanzfall).

Sheet Tabelle 3.4
K1: Beschäftigungsstatistik
A3: 3.4 Geringfügig entlohnte Beschäftigte nach der Klassifikation der Berufe (KldB 2010)
A4: Görlitz (14626); Gebietsstand des jeweiligen Stichtags
A5: Stichtag: 30. Juni 2025
A7: Anforderungsniveau/ Berufshauptgruppen/-gruppen (KldB2010) | D7: Anteile in % 1) | E7: geringfügig entlohnte Beschäftigte am Stichtag Ende ... | J7: Veränderung gegenüber dem Vorjahresstichtag (Spalte 1 zu Spalte 5)
E8: Jun. 25 | F8: Mrz. 25 | G8: Dez. 24 | H8: Sep. 24 | I8: Jun. 24
J9: absolut | K9: in %
E10: 1 | F10: 2 | G10: 3 | H10: 4 | I10: 5 | J10: 6 | K10: 7
A11: Insgesamt | D11: 100 | E11: 11635 | F11: 11201 | G11: 11370 | H11: 11401 | I11: 11352 | J11: 283 | K11: 2.4929528
A12: darunter nach Anforderungsniveau der ausgeübten Tätigkeit (KldB 2010)
A13: Helfer | D13: 43.154276 | E13: 5021 | F13: 4706 | G13: 4791 | H13: 4874 | I13: 4878 | J13: 143 | K13: 2.9315293
A14: Fachkraft | D14: 43.248818 | E14: 5032 | F14: 4920 | G14: 5033 | H14: 4994 | I14: 4947 | J14: 85 | K14: 1.7182131
A15: Spezialist | D15: 6.4718522 | E15: 753 | F15: 743 | G15: 723 | H15: 709 | I15: 681 | J15: 72 | K15: 10.572687
A16: Experte | D16: 4.5036528 | E16: 524 | F16: 532 | G16: 520 | H16: 510 | I16: 526 | J16: -2 | K16: -0.38022814
A17: darunter: ausgewählte Berufsaggregate2) nach der ausgeübten Tätigkeit (KldB 2010)
A18: Bauberufe | D18: 3.008165 | E18: 350 | F18: 331 | G18: 332 | H18: 344 | I18: 342 | J18: 8 | K18: 2.3391813
A19: Handwerksberufe | D19: 4.2544048 | E19: 495 | F19: 488 | G19: 495 | H19: 495 | I19: 481 | J19: 14 | K19: 2.9106029
A20: Ingenieure | D20: 0.5414697 | E20: 63 | F20: 61 | G20: 65 | H20: 69 | I20: 65 | J20: -2 | K20: -3.0769231
A21: MINT-Berufe | D21: 10.958315 | E21: 1275 | F21: 1276 | G21: 1317 | H21: 1305 | I21: 1293 | J21: -18 | K21: -1.3921114
A22: Pflegeberufe3) | D22: 2.3807477 | E22: 277 | F22: 278 | G22: 278 | H22: 275 | I22: 273 | J22: 4 | K22: 1.4652015
A23: davon nach Berufsfachlichkeit der ausgeübten Tätigkeit (KldB 2010)
A24: 11 | B24: Land-, Tier-, Forstwirtschaftsberufe | D24: 1.9338204 | E24: 225 | F24: 234 | G24: 263 | H24: 259 | I24: 260 | J24: -35 | K24: -13.461538
A25: dar. 111 | B25: Landwirtschaft | D25: 1.1602922 | E25: 135 | F25: 134 | G25: 157 | H25: 161 | I25: 153 | J25: -18 | K25: -11.764706
A26: 12 | B26: Gartenbauberufe, Floristik | D26: 1.2290503 | E26: 143 | F26: 129 | G26: 130 | H26: 136 | I26: 132 | J26: 11 | K26: 8.3333333
A27: 21 | B27: Rohstoffgewinn,Glas-,Keramikverarbeitung | D27: 0.12892136 | E27: 15 | F27: 16 | G27: 13 | H27: 14 | I27: 14 | J27: 1 | K27: 7.1428571
A28: 22 | B28: Kunststoff- u. Holzherst.,-verarbeitung | D28: 0.57584873 | E28: 67 | F28: 59 | G28: 56 | H28: 53 | I28: 56 | J28: 11 | K28: 19.642857
A29: 23 | B29: Papier-,Druckberufe, tech.Mediengestalt. | D29: 0.25784272 | E29: 30 | F29: 30 | G29: 30 | H29: 32 | I29: 36 | J29: -6 | K29: -16.666667
A30: 24 | B30: Metallerzeugung,-bearbeitung, Metallbau | D30: 0.97980232 | E30: 114 | F30: 110 | G30: 111 | H30: 110 | I30: 105 | J30: 9 | K30: 8.5714286
A31: 25 | B31: Maschinen- und Fahrzeugtechnikberufe | D31: 1.3064031 | E31: 152 | F31: 145 | G31: 134 | H31: 138 | I31: 141 | J31: 11 | K31: 7.8014184
A32: 26 | B32: Mechatronik-, Energie- u. Elektroberufe | D32: 0.93682853 | E32: 109 | F32: 102 | G32: 103 | H32: 100 | I32: 101 | J32: 8 | K32: 7.9207921
A33: 27 | B33: Techn.Entwickl.Konstr.Produktionssteuer. | D33: 0.4813064 | E33: 56 | F33: 61 | G33: 59 | H33: 58 | I33: 55 | J33: 1 | K33: 1.8181818
A34: 28 | B34: Textil- und Lederberufe | D34: 0.2406532 | E34: 28 | F34: 26 | G34: 30 | H34: 27 | I34: 27 | J34: 1 | K34: 3.7037037
A35: 29 | B35: Lebensmittelherstellung u. -verarbeitung | D35: 4.0481306 | E35: 471 | F35: 454 | G35: 434 | H35: 466 | I35: 450 | J35: 21 | K35: 4.6666667
A36: dar. 292 | B36: Lebensmittel- u. Genussmittelherstellung | D36: 0.71336485 | E36: 83 | F36: * | G36: * | H36: 76 | I36: * | J36: * | K36: *
A37: dar. 293 | B37: Speisenzubereitung | D37: 3.3089815 | E37: 385 | F37: 369 | G37: 355 | H37: 387 | I37: 373 | J37: 12 | K37: 3.2171582
A38: 31 | B38: Bauplanung,Architektur,Vermessungsberufe | D38: 0.26643747 | E38: 31 | F38: 30 | G38: 30 | H38: 31 | I38: 30 | J38: 1 | K38: 3.3333333
A39: 32 | B39: Hoch- und Tiefbauberufe | D39: 1.0313709 | E39: 120 | F39: 113 | G39: 122 | H39: 126 | I39: 131 | J39: -11 | K39: -8.3969466
A40: 33 | B40: (Innen-)Ausbauberufe | D40: 0.78212291 | E40: 91 | F40: 81 | G40: 79 | H40: 83 | I40: 86 | J40: 5 | K40: 5.8139535
A41: 34 | B41: Gebäude- u. versorgungstechnische Berufe | D41: 7.1250537 | E41: 829 | F41: 836 | G41: 867 | H41: 854 | I41: 847 | J41: -18 | K41: -2.1251476
A42: 41 | B42: Mathematik-Biologie-Chemie-,Physikberufe | D42: 0.19767942 | E42: 23 | F42: 23 | G42: 24 | H42: 25 | I42: 19 | J42: 4 | K42: 21.052632
A43: 42 | B43: Geologie-,Geografie-,Umweltschutzberufe | D43: 0.025784272 | E43: 3 | F43: 4 | G43: * | H43: * | I43: 3 | J43: 0 | K43: 0
A44: 43 | B44: Informatik- und andere IKT-Berufe | D44: 0.33519553 | E44: 39 | F44: 38 | G44: 39 | H44: 41 | I44: 44 | J44: -5 | K44: -11.363636
A45: 51 | B45: Verkehr, Logistik (außer Fahrzeugführ.) | D45: 4.9849592 | E45: 580 | F45: 564 | G45: 569 | H45: 570 | I45: 570 | J45: 10 | K45: 1.754386
A46: dar. 513 | B46: Lagerwirt.,Post,Zustellung,Güterumschlag | D46: 4.6755479 | E46: 544 | F46: 531 | G46: 537 | H46: 539 | I46: 543 | J46: 1 | K46: 0.18416206
B47: dar. Berufe in der Lagerwirtschaft (5131) | D47: 2.2260421 | E47: 259 | F47: 241 | G47: 245 | H47: 236 | I47: 237 | J47: 22 | K47: 9.2827004
A48: 52 | B48: Führer von Fahrzeug- u. Transportgeräten | D48: 5.4748603 | E48: 637 | F48: 623 | G48: 612 | H48: 631 | I48: 611 | J48: 26 | K48: 4.2553191
A49: dar. 521 | B49: Fahrzeugführung im Straßenverkehr | D49: 5.2170176 | E49: 607 | F49: 597 | G49: 581 | H49: 599 | I49: 579 | J49: 28 | K49: 4.835924
A50: 53 | B50: Schutz-,Sicherheits-, Überwachungsberufe | D50: 1.7189514 | E50: 200 | F50: 194 | G50: 200 | H50: 210 | I50: 204 | J50: -4 | K50: -1.9607843
A51: dar. 531 | B51: Obj.-,Pers.-,Brandschutz,Arbeitssicherh. | D51: 1.5728406 | E51: 183 | F51: 175 | G51: 182 | H51: 191 | I51: 185 | J51: -2 | K51: -1.0810811
A52: 54 | B52: Reinigungsberufe | D52: 10.502793 | E52: 1222 | F52: 1227 | G52: 1274 | H52: 1245 | I52: 1233 | J52: -11 | K52: -0.89213301
A53: 61 | B53: Einkaufs-, Vertriebs- und Handelsberufe | D53: 0.7219596 | E53: 84 | F53: 87 | G53: 88 | H53: 93 | I53: 85 | J53: -1 | K53: -1.1764706
A54: 62 | B54: Verkaufsberufe | D54: 10.159003 | E54: 1182 | F54: 1064 | G54: 1121 | H54: 1111 | I54: 1143 | J54: 39 | K54: 3.4120735
A55: 63 | B55: Tourismus-, Hotel- und Gaststättenberufe | D55: 11.370864 | E55: 1323 | F55: 1125 | G55: 1130 | H55: 1203 | I55: 1211 | J55: 112 | K55: 9.2485549
A56: dar. 632 | B56: Hotellerie | D56: 0.84228621 | E56: 98 | F56: 82 | G56: 82 | H56: 94 | I56: 90 | J56: 8 | K56: 8.8888889
A57: dar. 633 | B57: Gastronomie | D57: 9.2909325 | E57: 1081 | F57: 940 | G57: 942 | H57: 1007 | I57: 1013 | J57: 68 | K57: 6.7127345
A58: 71 | B58: Berufe Unternehmensführung,-organisation | D58: 15.333047 | E58: 1784 | F58: 1764 | G58: 1782 | H58: 1741 | I58: 1725 | J58: 59 | K58: 3.4202899
A59: dar. 713 | B59: Unternehmensorganisation und -strategie | D59: 1.4009454 | E59: 163 | F59: 166 | G59: 169 | H59: 166 | I59: 167 | J59: -4 | K59: -2.3952096
A60: dar. 714 | B60: Büro und Sekretariat | D60: 13.064031 | E60: 1520 | F60: 1487 | G60: 1505 | H60: 1469 | I60: 1451 | J60: 69 | K60: 4.7553411
A61: 72 | B61: Finanzdienstl.Rechnungsw.,Steuerberatung | D61: 1.9939837 | E61: 232 | F61: 225 | G61: 235 | H61: 226 | I61: 239 | J61: -7 | K61: -2.9288703
A62: dar. 721 | B62: Versicherungs- u. Finanzdienstleistungen | D62: 0.18908466 | E62: 22 | F62: 22 | G62: 23 | H62: 21 | I62: 26 | J62: -4 | K62: -15.384615
A63: dar. 722 | B63: Rechnungswesen, Controlling und Revision | D63: 1.4267297 | E63: 166 | F63: 159 | G63: 165 | H63: 161 | I63: 169 | J63: -3 | K63: -1.7751479
A64: 73 | B64: Berufe in Recht und Verwaltung | D64: 1.1087237 | E64: 129 | F64: 130 | G64: 131 | H64: 130 | I64: 129 | J64: 0 | K64: 0
A65: dar. 732 | B65: Verwaltung | D65: 0.85947572 | E65: 100 | F65: 99 | G65: 102 | H65: 99 | I65: 97 | J65: 3 | K65: 3.0927835
A66: 81 | B66: Medizinische Gesundheitsberufe | D66: 3.824667 | E66: 445 | F66: 449 | G66: 450 | H66: 439 | I66: 419 | J66: 26 | K66: 6.2052506
A67: dar. 811 | B67: Arzt- und Praxishilfe | D67: 1.0743446 | E67: 125 | F67: 126 | G67: 127 | H67: 130 | I67: 125 | J67: 0 | K67: 0
A68: dar. 813 | B68: Gesundh.,Krankenpfl.,Rettungsd.Geburtsh. 3) | D68: 1.7963043 | E68: 209 | F68: 213 | G68: 212 | H68: 205 | I68: 197 | J68: 12 | K68: 6.0913706
A69: dar. 814 | B69: Human- und Zahnmedizin | D69: 0.11173184 | E69: 13 | F69: 15 | G69: 14 | H69: 13 | I69: 10 | J69: 3 | K69: 30
A70: dar. 817 | B70: Nicht ärztliche Therapie und Heilkunde | D70: 0.65320155 | E70: 76 | F70: 72 | G70: 73 | H70: 68 | I70: 66 | J70: 10 | K70: 15.151515
A71: 82 | B71: Nichtmed.Gesundheit,Körperpfl.,Medizint. | D71: 2.0971208 | E71: 244 | F71: 242 | G71: 238 | H71: 231 | I71: 227 | J71: 17 | K71: 7.4889868
A72: dar. 821 | B72: Altenpflege 3) | D72: 1.0227761 | E72: 119 | F72: 119 | G72: 112 | H72: 111 | I72: 115 | J72: 4 | K72: 3.4782609
A73: dar. 823 | B73: Körperpflege | D73: 0.56725398 | E73: 66 | F73: 64 | G73: 64 | H73: 62 | I73: 57 | J73: 9 | K73: 15.789474
A74: 83 | B74: Erziehung,soz.,hauswirt.Berufe,Theologie | D74: 2.8706489 | E74: 334 | F74: 329 | G74: 344 | H74: 345 | I74: 340 | J74: -6 | K74: -1.7647059
A75: dar. 831 | B75: Erziehung,Sozialarb.,Heilerziehungspfl. | D75: 1.6587881 | E75: 193 | F75: 189 | G75: 190 | H75: 196 | I75: 196 | J75: -3 | K75: -1.5306122
B76: dar. Berufe i.d. Kinderbetr., -erziehung (8311) | D76: 0.59303825 | E76: 69 | F76: 68 | G76: 62 | H76: 62 | I76: 62 | J76: 7 | K76: 11.290323
A77: 84 | B77: Lehrende und ausbildende Berufe | D77: 2.1744736 | E77: 253 | F77: 254 | G77: 232 | H77: 222 | I77: 228 | J77: 25 | K77: 10.964912
A78: dar. 841 | B78: Lehrtätigkeit an allgemeinbild. Schulen | D78: 0.20627417 | E78: 24 | F78: 30 | G78: 20 | H78: 19 | I78: 19 | J78: 5 | K78: 26.315789
A79: dar. 842 | B79: Lehrt.berufsb.Fächer,betr.Ausb.,Betr.päd | D79: 0.13751612 | E79: 16 | F79: 14 | G79: 15 | H79: 13 | I79: 18 | J79: -2 | K79: -11.111111
A80: dar. 843 | B80: Lehr-, Forschungstätigkeit an Hochschulen | D80: 0.90244951 | E80: 105 | F80: 95 | G80: 93 | H80: 87 | I80: 95 | J80: 10 | K80: 10.526316
A81: 91 | B81: Geistes-Gesellschafts-Wirtschaftswissen. | D81: 0.042973786 | E81: 5 | F81: 5 | G81: * | H81: * | I81: 6 | J81: -1 | K81: -16.666667
A82: 92 | B82: Werbung,Marketing,kaufm,red.Medienberufe | D82: 0.47271165 | E82: 55 | F82: 47 | G82: 49 | H82: 51 | I82: 46 | J82: 9 | K82: 19.565217
A83: 93 | B83: Produktdesign, Kunsthandwerk | D83: 0.0601633 | E83: 7 | F83: 7 | G83: 7 | H83: 8 | I83: 10 | J83: -3 | K83: -30
A84: 94 | B84: Darstellende, unterhaltende Berufe | D84: 0.58444349 | E84: 68 | F84: 73 | G84: 72 | H84: 70 | I84: 69 | J84: -1 | K84: -1.4492754
A85: XX | B85: Sonstige / Keine Angabe | D85: 2.6214009 | E85: 305 | F85: 301 | G85: 304 | H85: 314 | I85: 320 | J85: -15 | K85: -4.6875
K86: © Statistik der Bundesagentur für Arbeit
A87: 1) Anteil an der jeweiligen Gesamtsumme (Spaltenprozent)
A88: 2) Beschreibung der Berufsaggregate siehe beigefügtes Hinweisblatt "Berufsaggregate"
A89: 3) Aufgrund der Anfang 2020 eingeführten generalistischen Ausbildung zur Pflegefachfrau bzw. zum Pflegefachmann kann in den Arbeitsmarktstatistiken ab diesem Zeitpunkt nicht mehr trennscharf zwischen Gesundheits- und Krankenpflege einerseits und Altenpflege andererseits unterschieden werden. Daher werden beide Bereiche standardmäßig als Aggregat dargestellt und berichtet. In der Regel wird dazu das Aggregat “Pflegeberufe“ mit den Systematikpositionen 8130 Gesundheits-, Krankenpflege (o.S.), 8131 Fachkrankenpflege, 8132 Fachkinderkrankenpflege, 8138 Gesundheits-, Krankenpflege (ssT), 8139 Aufsicht, Führung – Pflege, Rettungsdienst, 821 Altenpflege (einschließlich Führung) der Klassifikation der Berufe 20210 (KldB 2010) verwendet, Fach- und Assistenzkräfte in der operationstechnischen Assistenz, im Rettungsdienst sowie in der Geburtshilfe sind nicht enthalten. Für weitere Informationen siehe auch Hintergrundinfo "Pflegeberufe in den Arbeitsmarktstatistiken 07/2021“.
A90: *) Aus Datenschutzgründen und Gründen der statistischen Geheimhaltung werden Zahlenwerte von 1 oder 2 und Daten, aus denen rechnerisch auf einen solchen Zahlenwert geschlossen werden kann, anonymisiert.
A91: () Eingeschränkte Aussagekraft der beruflichen Tätigkeit nach KldB 2010 bei niedriger Fallzahl.

Sheet Tabelle 4.1
L1: Beschäftigungsstatistik
A3: 4.1 Begonnene sozialversicherungspflichtige Beschäftigungsverhältnisse und darunter befristete Beschäftigungsverhältnisse sowie Befristungsanteile nach ausgewählten Merkmalen
A4: Görlitz (14626); Gebietsstand des jeweiligen Stichtags
A5: 2. Quartal 2025
A7: Merkmale | F7: Insgesamt
F8: 2. Quartal 2025 | G8: 1. Quartal 2025 | H8: 4. Quartal 2024 | I8: 3. Quartal 2024 | J8: 2. Quartal 2024 | K8: Veränderung gegenüber dem Vorjahresquartal (Spalte 1 zu Spalte 5)
K9: absolut | L9: in %(-Pkt.)
F10: 1 | G10: 2 | H10: 3 | I10: 4 | J10: 5 | K10: 6 | L10: 7
A11: begonnene sozialversicherungspflichtige Beschäftigungsverhältnisse (begBV)
A12: Insgesamt | F12: 4822 | G12: 5180 | H12: 3451 | I12: 6212 | J12: 4313 | K12: 509 | L12: 11.80153
A13: dav.: | B13: Männer | F13: 2723 | G13: 2722 | H13: 1760 | I13: 3278 | J13: 2323 | K13: 400 | L13: 17.219113
B14: Frauen | F14: 2099 | G14: 2458 | H14: 1691 | I14: 2934 | J14: 1990 | K14: 109 | L14: 5.4773869
A15: dar.: | B15: unter 25 Jahre | F15: 895 | G15: 919 | H15: 684 | I15: 2582 | J15: 735 | K15: 160 | L15: 21.768707
B16: 25 bis unter 55 Jahre | F16: 3105 | G16: 3338 | H16: 2300 | I16: 2994 | J16: 2902 | K16: 203 | L16: 6.9951757
B17: 55 bis unter 65 Jahre | F17: 737 | G17: 831 | H17: 418 | I17: 563 | J17: 605 | K17: 132 | L17: 21.818182
B18: 65 Jahre und älter | F18: 85 | G18: 92 | H18: 49 | I18: 73 | J18: 71 | K18: 14 | L18: 19.71831
A19: dar. | B19: in Vollzeit | F19: 2736 | G19: 2980 | H19: 1769 | I19: 3994 | J19: 2342 | K19: 394 | L19: 16.823228
B20: in Teilzeit | F20: 2086 | G20: 2200 | H20: 1682 | I20: 2218 | J20: 1971 | K20: 115 | L20: 5.8346017
A21: dar. | B21: Deutsche | F21: 3488 | G21: 3936 | H21: 2533 | I21: 4861 | J21: 3148 | K21: 340 | L21: 10.800508
B22: Ausländer | F22: 1334 | G22: 1244 | H22: 918 | I22: 1351 | J22: 1165 | K22: 169 | L22: 14.506438
A23: dar.: | B23: Auszubildende | F23: 85 | G23: 96 | H23: 102 | I23: 1227 | J23: 33 | K23: 52 | L23: 157.57576
A24: Befristungsanteil 2)
A25: Insgesamt | F25: 35 | G25: 31.8 | H25: 35.2 | I25: 37.5 | J25: 36.4 | K25: x | L25: -1.4
A26: dav. | B26: Männer | F26: 31.1 | G26: 30.1 | H26: 30.5 | I26: 32.8 | J26: 31.1 | K26: x | L26: 0
B27: Frauen | F27: 40.2 | G27: 33.6 | H27: 40 | I27: 42.6 | J27: 42.6 | K27: x | L27: -2.4
A28: dar. | B28: unter 25 Jahre | F28: 50.2 | G28: 41.8 | H28: 41.6 | I28: 45.7 | J28: 49.3 | K28: x | L28: 0.9
B29: 25 bis unter 55 Jahre | F29: 32.5 | G29: 31.2 | H29: 34.6 | I29: 34.8 | J29: 34.2 | K29: x | L29: -1.7
B30: 55 bis unter 65 Jahre | F30: 27.7 | G30: 25.3 | H30: 29.5 | I30: 33.9 | J30: 30.6 | K30: x | L30: -2.9
B31: 65 Jahre und älter | F31: 43.5 | G31: 26.7 | H31: 38.8 | I31: 43.8 | J31: 49.3 | K31: x | L31: -5.8
A32: dar. | B32: in Vollzeit | F32: 29.6 | G32: 30 | H32: 27.4 | I32: 30.7 | J32: 30.1 | K32: x | L32: -0.5
B33: in Teilzeit | F33: 42.1 | G33: 34.1 | H33: 43 | I33: 46.1 | J33: 43.9 | K33: x | L33: -1.8
A34: dar. | B34: Deutsche | F34: 31.6 | G34: 28.3 | H34: 35.8 | I34: 37.3 | J34: 33.6 | K34: x | L34: -2
B35: Ausländer | F35: 43.9 | G35: 42.7 | H35: 33.5 | I35: 38.2 | J35: 43.8 | K35: x | L35: 0.1
A36: dar.: beg. svpfl. BV in der SvB-Kerngruppe 3) | F36: 4691 | G36: 5000 | H36: 3271 | I36: 4709 | J36: 4232 | K36: 459 | L36: 10.845936
B37: dar. | C37: befristet | F37: 1644 | G37: 1589 | H37: 1151 | I37: 1768 | J37: 1541 | K37: 103 | L37: 6.6839714
B38: dav. | C38: Männer | F38: 2645 | G38: 2627 | H38: 1649 | I38: 2432 | J38: 2285 | K38: 360 | L38: 15.754923
C39: dar. befristet | F39: 822 | G39: 791 | H39: 503 | I39: 797 | J39: 711 | K39: 111 | L39: 15.611814
C40: Frauen | F40: 2046 | G40: 2373 | H40: 1622 | I40: 2277 | J40: 1947 | K40: 99 | L40: 5.0847458
C41: dar. befristet | F41: 822 | G41: 798 | H41: 648 | I41: 971 | J41: 830 | K41: -8 | L41: -0.96385542
B42: dar. | C42: unter 25 Jahren | F42: 812 | G42: 775 | H42: 536 | I42: 1177 | J42: 692 | K42: 120 | L42: 17.34104
C43: dar. befristet | F43: 408 | G43: 324 | H43: 223 | I43: 538 | J43: 341 | K43: 67 | L43: 19.648094
C44: 25 bis unter 55 Jahre | F44: 3073 | G44: 3309 | H44: 2273 | I44: 2904 | J44: 2871 | K44: 202 | L44: 7.035876
C45: dar. befristet | F45: 999 | G45: 1032 | H45: 787 | I45: 1010 | J45: 982 | K45: 17 | L45: 1.7311609
C46: 55 bis unter 65 Jahre | F46: 721 | G46: 826 | H46: 413 | I46: 555 | J46: 598 | K46: 123 | L46: 20.568562
C47: dar. befristet | F47: 200 | G47: 209 | H47: 122 | I47: 188 | J47: 183 | K47: 17 | L47: 9.2896175
C48: 65 Jahre und älter | F48: 85 | G48: 90 | H48: 49 | I48: 73 | J48: 71 | K48: 14 | L48: 19.71831
C49: dar. befristet | F49: 37 | G49: 24 | H49: 19 | I49: 32 | J49: 35 | K49: 2 | L49: 5.7142857
B50: dar. | C50: in Vollzeit | F50: 2642 | G50: 2838 | H50: 1647 | I50: 2611 | J50: 2300 | K50: 342 | L50: 14.869565
C51: dar. befristet | F51: 782 | G51: 852 | H51: 452 | I51: 801 | J51: 692 | K51: 90 | L51: 13.00578
C52: in Teilzeit | F52: 2049 | G52: 2162 | H52: 1624 | I52: 2098 | J52: 1932 | K52: 117 | L52: 6.0559006
C53: dar. befristet | F53: 862 | G53: 737 | H53: 699 | I53: 967 | J53: 849 | K53: 13 | L53: 1.5312132
B54: dar. | C54: Deutsche | F54: 3367 | G54: 3780 | H54: 2375 | I54: 3460 | J54: 3078 | K54: 289 | L54: 9.3892138
C55: dar. befristet | F55: 1063 | G55: 1068 | H55: 851 | I55: 1291 | J55: 1035 | K55: 28 | L55: 2.705314
C56: Ausländer | F56: 1324 | G56: 1220 | H56: 896 | I56: 1249 | J56: 1154 | K56: 170 | L56: 14.731369
C57: dar. befristet | F57: 581 | G57: 521 | H57: 300 | I57: 477 | J57: 506 | K57: 75 | L57: 14.822134
L58: © Statistik der Bundesagentur für Arbeit
A59: 1) Als begonnene Beschäftigungsverhältnisse im Sinne der Beschäftigungsstatistik zählen die Anmeldungen zu einem sozialversicherungspflichtigen Beschäftigungsverhältnis innerhalb eines Zeitraums. Mehrfacherfassungen von Beschäftigten sind möglich.
A60: 2) bezogen auf SvB-Kerngruppe-Befristung
A61: 3) SvB-Kerngruppe Befristung - siehe methodische Hinweise

Sheet Tabelle 4.2
J1: Beschäftigungsstatistik
A3: 4.2 Begonnene sozialversicherungspflichtige Beschäftigungsverhältnisse nach der Klassifikation der Wirtschaftszweige 2008 (WZ 2008)
A4: Görlitz (14626); Gebietsstand des jeweiligen Stichtags
A5: 2. Quartal 2025
A7: Wirtschaftsabschnitte / Wirtschaftsabteilungen / Wirtschaftsgruppen WZ 2008 | C7: Anteile in % 1) | D7: begonnene sozialversicherungspflichtige Beschäftigungsverhältnisse2) im… | I7: Veränderung gegenüber dem Vorjahresquartal (Spalte 1 zu Spalte 5)
D8: 2. Quartal 2025 | E8: 1. Quartal 2025 | F8: 4. Quartal 2024 | G8: 3. Quartal 2024 | H8: 2. Quartal 2024
I9: absolut | J9: in %
D10: 1 | E10: 2 | F10: 3 | G10: 4 | H10: 5 | I10: 6 | J10: 7
A11: Insgesamt | C11: 100 | D11: 4822 | E11: 5180 | F11: 3451 | G11: 6212 | H11: 4313 | I11: 509 | J11: 11.80153
A12: A | B12: Land-, Forstwirtschaft und Fischerei | C12: 1.907922 | D12: 92 | E12: 134 | F12: 62 | G12: 137 | H12: 113 | I12: -21 | J12: -18.584071
A13: B,D,E | B13: Bergbau, Energie- und Wasserversorgung, Entsorgungswirtschaft | C13: 1.9286603 | D13: 93 | E13: 84 | F13: 68 | G13: 119 | H13: 149 | I13: -56 | J13: -37.583893
A14: C | B14: Verarbeitendes Gewerbe | C14: 20.468685 | D14: 987 | E14: 1124 | F14: 489 | G14: 1074 | H14: 713 | I14: 274 | J14: 38.429173
A15: dav. 10-15, 18, 21, 31 | B15: Herstellung von überwiegend häuslich konsumierten Gütern (ohne Güter der Metall-, Elektro- und Chemieindustrie) | C15: 10.38988 | D15: 501 | E15: 412 | F15: 189 | G15: 356 | H15: 321 | I15: 180 | J15: 56.074766
A16: 24-30, 32, 33 | B16: Metall- und Elektroindustrie sowie Stahlindustrie | C16: 7.3828287 | D16: 356 | E16: 570 | F16: 216 | G16: 478 | H16: 241 | I16: 115 | J16: 47.717842
A17: 16, 17, 19, 20, ,22, 23 | B17: Hrst. v. Vorleistungsgütern, insb. v. chem. Erzeugnissen u. Kunststoffwaren (ohne Güter der Metall- u. Elektroindustrie) | C17: 2.6959768 | D17: 130 | E17: 142 | F17: 84 | G17: 240 | H17: 151 | I17: -21 | J17: -13.907285
A18: F | B18: Baugewerbe | C18: 7.2998756 | D18: 352 | E18: 343 | F18: 141 | G18: 419 | H18: 282 | I18: 70 | J18: 24.822695
A19: G | B19: Handel, Instandhaltung, Reparatur von Kfz | C19: 11.074243 | D19: 534 | E19: 549 | F19: 420 | G19: 726 | H19: 462 | I19: 72 | J19: 15.584416
A20: H | B20: Verkehr und Lagerei | C20: 3.6291995 | D20: 175 | E20: 218 | F20: 176 | G20: 202 | H20: 217 | I20: -42 | J20: -19.354839
A21: I | B21: Gastgewerbe | C21: 9.4981336 | D21: 458 | E21: 313 | F21: 199 | G21: 282 | H21: 395 | I21: 63 | J21: 15.949367
A22: J | B22: Information und Kommunikation | C22: 0.82953131 | D22: 40 | E22: 57 | F22: 37 | G22: 46 | H22: 27 | I22: 13 | J22: 48.148148
A23: K | B23: Erbringung von Finanz- und Versicherungsdienstleistungen | C23: 0.89174616 | D23: 43 | E23: 36 | F23: 41 | G23: 47 | H23: 29 | I23: 14 | J23: 48.275862
... A26: dav. N (ohne ANÜ) | B26: sonstige wirtschaftliche Dienstleistungen (ohne Arbeitnehmerüberlassung) | C26: 7.6109498 | D26: 367 | E26: 302 | F26: 243 | G26: 300 | H26: 345 | I26: 22 | J26: 6.3768116
A27: 782.783 | B27: Arbeitnehmerüberlassung | C27: 4.5624222 | D27: 220 | E27: 183 | F27: 242 | G27: 327 | H27: 176 | I27: 44 | J27: 25
A28: O, U | B28: Öffentliche Verwaltung, Verteidigung, Sozialversicherung, Ext. Organisationen | C28: 2.861883 | D28: 138 | E28: 187 | F28: 117 | G28: 253 | H28: 143 | I28: -5 | J28: -3.4965035
A29: P | B29: Erziehung und Unterricht | C29: 2.3019494 | D29: 111 | E29: 179 | F29: 142 | G29: 309 | H29: 109 | I29: 2 | J29: 1.8348624
A30: 86 | B30: Gesundheitswesen | C30: 5.0808793 | D30: 245 | E30: 315 | F30: 191 | G30: 508 | H30: 215 | I30: 30 | J30: 13.953488
A31: 87.88 | B31: Heime und Sozialwesen | C31: 10.223973 | D31: 493 | E31: 577 | F31: 483 | G31: 758 | H31: 404 | I31: 89 | J31: 22.029703
A32: R,S,T | B32: sonstige Dienstleistungen, Private Haushalte | C32: 5.5578598 | D32: 268 | E32: 289 | F32: 239 | G32: 379 | H32: 315 | I32: -47 | J32: -14.920635
B33: keine Zuordnung möglich | C33: 0 | D33: 0 | E33: 0 | F33: 0 | G33: 0 | H33: 0 | I33: 0 | J33: 0
A34: davon nach Sektoren:
A35: A | B35: Land-, Forstwirtschaft und Fischerei | C35: 1.907922 | D35: 92 | E35: 134 | F35: 62 | G35: 137 | H35: 113 | I35: -21 | J35: -18.584071
A36: B - F | B36: Produzierendes Gewerbe | C36: 29.697221 | D36: 1432 | E36: 1551 | F36: 698 | G36: 1612 | H36: 1144 | I36: 288 | J36: 25.174825
A37: G - U | B37: Dienstleistungsbereich | C37: 68.394857 | D37: 3298 | E37: 3495 | F37: 2691 | G37: 4463 | H37: 3056 | I37: 242 | J37: 7.9188482
J38: © Statistik der Bundesagentur für Arbeit
A39: 1) Anteil an der jeweiligen Gesamtsumme (Spaltenprozent)
A40: 2) Als begonnene Beschäftigungsverhältnisse im Sinne der Beschäftigungsstatistik zählen die Anmeldungen zu einem sozialversicherungspflichtigen Beschäftigungsverhältnis innerhalb eines Zeitraums. Mehrfacherfassungen von Beschäftigten sind möglich.
A41: *) Aus Datenschutzgründen und Gründen der statistischen Geheimhaltung werden Zahlenwerte von 1 oder 2 und Daten, aus denen rechnerisch auf einen solchen Zahlenwert geschlossen werden kann, anonymisiert. Gleiches gilt, wenn eine Region oder ein Wirtschaftszweig 1 oder 2 Betriebe aufweist oder einer der Betriebe einen so hohen Beschäftigtenanteil auf sich vereint, dass die Beschäftigtenzahl praktisch eine Einzelangabe über diesen Betrieb darstellt (Dominanzfall). In Fällen, in denen Werte von Null eine Information über den Merkmalsträger offen legen, werden auch diese Nullwerte anonymisiert.

Sheet Tabelle 4.3
K1: Beschäftigungsstatistik
A3: 4.3 Begonnene sozialversicherungspflichtige Beschäftigungsverhältnisse nach der Klassifikation der Berufe (KldB 2010)
A4: Görlitz (14626); Gebietsstand des jeweiligen Stichtags
A5: 2. Quartal 2025
A7: Anforderungsniveau/ Berufshauptgruppen/-gruppen (KldB2010) | D7: Anteile in % 1) | E7: begonnene sozialversicherungspflichtige Beschäftigungsverhältnisse3) im… | J7: Veränderung gegenüber dem Vorjahresquartal (Spalte 1 zu Spalte 5)
E8: 2. Quartal 2025 | F8: 1. Quartal 2025 | G8: 4. Quartal 2024 | H8: 3. Quartal 2024 | I8: 2. Quartal 2024
J9: absolut | K9: in %
E10: 1 | F10: 2 | G10: 3 | H10: 4 | I10: 5 | J10: 6 | K10: 7
A11: Insgesamt | D11: 100 | E11: 4822 | F11: 5180 | G11: 3451 | H11: 6212 | I11: 4313 | J11: 509 | K11: 11.80153
A12: darunter nach Anforderungsniveau der ausgeübten Tätigkeit (KldB 2010)
A13: Helfer | D13: 29.220241 | E13: 1409 | F13: 1392 | G13: 993 | H13: 1529 | I13: 1255 | J13: 154 | K13: 12.270916
A14: Fachkraft | D14: 55.827457 | E14: 2692 | F14: 2809 | G14: 1781 | H14: 3679 | I14: 2393 | J14: 299 | K14: 12.494776
A15: Spezialist | D15: 7.6109498 | E15: 367 | F15: 489 | G15: 290 | H15: 467 | I15: 326 | J15: 41 | K15: 12.576687
A16: Experte | D16: 7.0924927 | E16: 342 | F16: 483 | G16: 373 | H16: 482 | I16: 328 | J16: 14 | K16: 4.2682927
A17: davon nach Berufsfachlichkeit der ausgeübten Tätigkeit (KldB 2010)
A18: 11 | B18: Land-, Tier-, Forstwirtschaftsberufe | D18: 1.6175861 | E18: 78 | F18: 107 | G18: 72 | H18: 151 | I18: 105 | J18: -27 | K18: -25.714286
A19: dar. 111 | B19: Landwirtschaft | D19: 1.1406056 | E19: 55 | F19: 62 | G19: 41 | H19: 88 | I19: 58 | J19: -3 | K19: -5.1724138
A20: 12 | B20: Gartenbauberufe, Floristik | D20: 1.5968478 | E20: 77 | F20: 75 | G20: 19 | H20: 40 | I20: 74 | J20: 3 | K20: 4.0540541
A21: 21 | B21: Rohstoffgewinn,Glas-,Keramikverarbeitung | D21: 0.91248445 | E21: 44 | F21: 49 | G21: 33 | H21: 70 | I21: 77 | J21: -33 | K21: -42.857143
A22: 22 | B22: Kunststoff- u. Holzherst.,-verarbeitung | D22: 2.198258 | E22: 106 | F22: 111 | G22: 59 | H22: 141 | I22: 101 | J22: 5 | K22: 4.950495
A23: 23 | B23: Papier-,Druckberufe, tech.Mediengestalt. | D23: 0.22812111 | E23: 11 | F23: 13 | G23: 5 | H23: 24 | I23: 21 | J23: -10 | K23: -47.619048
A24: 24 | B24: Metallerzeugung,-bearbeitung, Metallbau | D24: 3.961012 | E24: 191 | F24: 226 | G24: 96 | H24: 258 | I24: 127 | J24: 64 | K24: 50.393701
A25: 25 | B25: Maschinen- und Fahrzeugtechnikberufe | D25: 5.3712153 | E25: 259 | F25: 239 | G25: 189 | H25: 302 | I25: 126 | J25: 133 | K25: 105.55556
A26: 26 | B26: Mechatronik-, Energie- u. Elektroberufe | D26: 2.0323517 | E26: 98 | F26: 130 | G26: 67 | H26: 151 | I26: 81 | J26: 17 | K26: 20.987654
A27: 27 | B27: Techn.Entwickl.Konstr.Produktionssteuer. | D27: 1.4102032 | E27: 68 | F27: 102 | G27: 47 | H27: 60 | I27: 45 | J27: 23 | K27: 51.111111
A28: 28 | B28: Textil- und Lederberufe | D28: 2.9033596 | E28: 140 | F28: 65 | G28: 65 | H28: 94 | I28: 96 | J28: 44 | K28: 45.833333
A29: 29 | B29: Lebensmittelherstellung u. -verarbeitung | D29: 7.0717545 | E29: 341 | F29: 455 | G29: 153 | H29: 269 | I29: 245 | J29: 96 | K29: 39.183673
A30: dar. 292 | B30: Lebensmittel- u. Genussmittelherstellung | D30: 3.6084612 | E30: 174 | F30: 255 | G30: * | H30: 116 | I30: 123 | J30: 51 | K30: 41.463415
A31: dar. 293 | B31: Speisenzubereitung | D31: 3.3803401 | E31: 163 | F31: 196 | G31: 121 | H31: 146 | I31: * | J31: * | K31: *
A32: 31 | B32: Bauplanung,Architektur,Vermessungsberufe | D32: 0.33181253 | E32: 16 | F32: 18 | G32: 12 | H32: 21 | I32: 14 | J32: 2 | K32: 14.285714
A33: 32 | B33: Hoch- und Tiefbauberufe | D33: 3.6914144 | E33: 178 | F33: 125 | G33: 59 | H33: 213 | I33: 139 | J33: 39 | K33: 28.057554
A34: 33 | B34: (Innen-)Ausbauberufe | D34: 2.1775197 | E34: 105 | F34: 72 | G34: 29 | H34: 106 | I34: 93 | J34: 12 | K34: 12.903226
A35: 34 | B35: Gebäude- u. versorgungstechnische Berufe | D35: 3.442555 | E35: 166 | F35: 186 | G35: 105 | H35: 147 | I35: 133 | J35: 33 | K35: 24.81203
A36: 41 | B36: Mathematik-Biologie-Chemie-,Physikberufe | D36: 0.29033596 | E36: 14 | F36: 15 | G36: 13 | H36: 49 | I36: 21 | J36: -7 | K36: -33.333333
A37: 42 | B37: Geologie-,Geografie-,Umweltschutzberufe | D37: * | E37: * | F37: 6 | G37: 5 | H37: 16 | I37: 4 | J37: * | K37: *
A38: 43 | B38: Informatik- und andere IKT-Berufe | D38: 0.6014102 | E38: 29 | F38: 51 | G38: 35 | H38: 62 | I38: 23 | J38: 6 | K38: 26.086957
A39: 51 | B39: Verkehr, Logistik (außer Fahrzeugführ.) | D39: 4.7490668 | E39: 229 | F39: 197 | G39: 212 | H39: 324 | I39: 215 | J39: 14 | K39: 6.5116279
A40: dar. 513 | B40: Lagerwirt.,Post,Zustellung,Güterumschlag | D40: 4.1269183 | E40: 199 | F40: 149 | G40: 196 | H40: 298 | I40: 187 | J40: 12 | K40: 6.4171123
B41: dar. Berufe in der Lagerwirtschaft (5131) | D41: 3.6914144 | E41: 178 | F41: 130 | G41: 144 | H41: 229 | I41: 158 | J41: 20 | K41: 12.658228
A42: 52 | B42: Führer von Fahrzeug- u. Transportgeräten | D42: 4.8527582 | E42: 234 | F42: 261 | G42: 146 | H42: 197 | I42: 285 | J42: -51 | K42: -17.894737
A43: dar. 521 | B43: Fahrzeugführung im Straßenverkehr | D43: 3.8987972 | E43: 188 | F43: 210 | G43: 131 | H43: 158 | I43: 228 | J43: -40 | K43: -17.54386
A44: 53 | B44: Schutz-,Sicherheits-, Überwachungsberufe | D44: 1.2028204 | E44: 58 | F44: 66 | G44: 31 | H44: 35 | I44: 39 | J44: 19 | K44: 48.717949
A45: dar. 531 | B45: Obj.-,Pers.-,Brandschutz,Arbeitssicherh. | D45: 1.1613438 | E45: 56 | F45: 62 | G45: 28 | H45: 34 | I45: 38 | J45: 18 | K45: 47.368421
A46: 54 | B46: Reinigungsberufe | D46: 3.7536292 | E46: 181 | F46: 190 | G46: 105 | H46: 157 | I46: 167 | J46: 14 | K46: 8.3832335
A47: 61 | B47: Einkaufs-, Vertriebs- und Handelsberufe | D47: 1.6798009 | E47: 81 | F47: 92 | G47: 47 | H47: 74 | I47: 42 | J47: 39 | K47: 92.857143
A48: 62 | B48: Verkaufsberufe | D48: 6.8851099 | E48: 332 | F48: 304 | G48: 311 | H48: 492 | I48: 316 | J48: 16 | K48: 5.0632911
A49: 63 | B49: Tourismus-, Hotel- und Gaststättenberufe | D49: 6.7192036 | E49: 324 | F49: 182 | G49: 135 | H49: 230 | I49: 280 | J49: 44 | K49: 15.714286
A50: dar. 632 | B50: Hotellerie | D50: 0.80879303 | E50: 39 | F50: 28 | G50: 23 | H50: 37 | I50: 66 | J50: -27 | K50: -40.909091
A51: dar. 633 | B51: Gastronomie | D51: 5.5785981 | E51: 269 | F51: 141 | G51: 95 | H51: 156 | I51: 190 | J51: 79 | K51: 41.578947
A52: 71 | B52: Berufe Unternehmensführung,-organisation | D52: 6.8436333 | E52: 330 | F52: 516 | G52: 276 | H52: 427 | I52: 325 | J52: 5 | K52: 1.5384615
A53: dar. 713 | B53: Unternehmensorganisation und -strategie | D53: 1.4931564 | E53: 72 | F53: 128 | G53: 65 | H53: 116 | I53: 73 | J53: -1 | K53: -1.369863
A54: dar. 714 | B54: Büro und Sekretariat | D54: 4.8734965 | E54: 235 | F54: 326 | G54: 190 | H54: 284 | I54: 226 | J54: 9 | K54: 3.9823009
A55: 72 | B55: Finanzdienstl.Rechnungsw.,Steuerberatung | D55: 1.7420158 | E55: 84 | F55: 108 | G55: 67 | H55: 108 | I55: 77 | J55: 7 | K55: 9.0909091
A56: dar. 721 | B56: Versicherungs- u. Finanzdienstleistungen | D56: 0.6014102 | E56: 29 | F56: 22 | G56: 28 | H56: 34 | I56: 20 | J56: 9 | K56: 45
A57: dar. 722 | B57: Rechnungswesen, Controlling und Revision | D57: 0.89174616 | E57: 43 | F57: 58 | G57: 33 | H57: 51 | I57: 41 | J57: 2 | K57: 4.8780488
A58: 73 | B58: Berufe in Recht und Verwaltung | D58: 0.87100788 | E58: 42 | F58: 56 | G58: 49 | H58: 93 | I58: 50 | J58: -8 | K58: -16
A59: dar. 732 | B59: Verwaltung | D59: 0.82953131 | E59: 40 | F59: 50 | G59: 45 | H59: 76 | I59: 35 | J59: 5 | K59: 14.285714
A60: 81 | B60: Medizinische Gesundheitsberufe | D60: 7.3828287 | E60: 356 | F60: 387 | G60: 293 | H60: 693 | I60: 288 | J60: 68 | K60: 23.611111
A61: dar. 811 | B61: Arzt- und Praxishilfe | D61: 1.5553712 | E61: 75 | F61: 59 | G61: 29 | H61: 91 | I61: 44 | J61: 31 | K61: 70.454545
A62: dar. 813 | B62: Gesundh.,Krankenpfl.,Rettungsd.Geburtsh. 2) | D62: 3.7743675 | E62: 182 | F62: 206 | G62: 178 | H62: 489 | I62: 158 | J62: 24 | K62: 15.189873
A63: dar. 814 | B63: Human- und Zahnmedizin | D63: 1.0161759 | E63: 49 | F63: 49 | G63: 28 | H63: 42 | I63: 38 | J63: 11 | K63: 28.947368
A64: dar. 817 | B64: Nicht ärztliche Therapie und Heilkunde | D64: 0.45624222 | E64: 22 | F64: 46 | G64: 29 | H64: 45 | I64: 32 | J64: -10 | K64: -31.25
A65: 82 | B65: Nichtmed.Gesundheit,Körperpfl.,Medizint. | D65: 4.6661136 | E65: 225 | F65: 215 | G65: 202 | H65: 302 | I65: 210 | J65: 15 | K65: 7.1428571
A66: dar. 821 | B66: Altenpflege 3) | D66: 4.1269183 | E66: 199 | F66: 169 | G66: 175 | H66: 252 | I66: 170 | J66: 29 | K66: 17.058824
A67: dar. 823 | B67: Körperpflege | D67: 0.33181253 | E67: 16 | F67: 16 | G67: 14 | H67: 22 | I67: 19 | J67: -3 | K67: -15.789474
A68: 83 | B68: Erziehung,soz.,hauswirt.Berufe,Theologie | D68: 4.9564496 | E68: 239 | F68: 327 | G68: 283 | H68: 500 | I68: 255 | J68: -16 | K68: -6.2745098
A69: dar. 831 | B69: Erziehung,Sozialarb.,Heilerziehungspfl. | D69: 3.8987972 | E69: 188 | F69: 245 | G69: 215 | H69: 432 | I69: 196 | J69: -8 | K69: -4.0816327
B70: dar. Berufe i.d. Kinderbetr., -erziehung (8311) | D70: 0.89174616 | E70: 43 | F70: 78 | G70: 72 | H70: 217 | I70: 84 | J70: -41 | K70: -48.809524
A71: 84 | B71: Lehrende und ausbildende Berufe | D71: 1.8249689 | E71: 88 | F71: 133 | G71: 105 | H71: 203 | I71: 91 | J71: -3 | K71: -3.2967033
A72: dar. 841 | B72: Lehrtätigkeit an allgemeinbild. Schulen | D72: 0.6014102 | E72: 29 | F72: 42 | G72: 47 | H72: 99 | I72: 22 | J72: 7 | K72: 31.818182
A73: dar. 842 | B73: Lehrt.berufsb.Fächer,betr.Ausb.,Betr.päd | D73: 0.29033596 | E73: 14 | F73: 23 | G73: 6 | H73: 20 | I73: 8 | J73: 6 | K73: 75
A74: dar. 843 | B74: Lehr-, Forschungstätigkeit an Hochschulen | D74: 0.78805475 | E74: 38 | F74: 36 | G74: 37 | H74: 30 | I74: 47 | J74: -9 | K74: -19.148936
A75: 91 | B75: Geistes-Gesellschafts-Wirtschaftswissen. | D75: * | E75: * | F75: 4 | G75: 4 | H75: 10 | I75: 5 | J75: * | K75: *
A76: 92 | B76: Werbung,Marketing,kaufm,red.Medienberufe | D76: 0.55993364 | E76: 27 | F76: 38 | G76: 42 | H76: 22 | I76: 61 | J76: -34 | K76: -55.737705
A77: 93 | B77: Produktdesign, Kunsthandwerk | D77: 0.1244297 | E77: 6 | F77: 11 | G77: 3 | H77: 15 | I77: 7 | J77: -1 | K77: -14.285714
A78: 94 | B78: Darstellende, unterhaltende Berufe | D78: 0.97469929 | E78: 47 | F78: 39 | G78: 62 | H78: 99 | I78: 60 | J78: -13 | K78: -21.666667
A79: XX | B79: Sonstige / Keine Angabe | D79: 0.26959768 | E79: 13 | F79: 9 | G79: 15 | H79: 57 | I79: 15 | J79: -2 | K79: -13.333333
K80: © Statistik der Bundesagentur für Arbeit
A81: 1) Anteil an der jeweiligen Gesamtsumme (Spaltenprozent)
A82: 2) Aufgrund der Anfang 2020 eingeführten generalistischen Ausbildung zur Pflegefachfrau bzw. zum Pflegefachmann kann in den Arbeitsmarktstatistiken ab diesem Zeitpunkt nicht mehr trennscharf zwischen Gesundheits- und Krankenpflege einerseits und Altenpflege andererseits unterschieden werden. Daher solllten die beiden Berufe nur in Summe betrachtet werden.
A83: 3) Als begonnene Beschäftigungsverhältnisse im Sinne der Beschäftigungsstatistik zählen die Anmeldungen zu einem sozialversicherungspflichtigen Beschäftigungsverhältnis innerhalb eines Zeitraums. Mehrfacherfassungen von Beschäftigten sind möglich.
A84: *) Aus Datenschutzgründen und Gründen der statistischen Geheimhaltung werden Zahlenwerte von 1 oder 2 und Daten, aus denen rechnerisch auf einen solchen Zahlenwert geschlossen werden kann, anonymisiert.
A85: .X Veränderungswert >250%. In begründeten Ausnahmefällen kann von der Regel abgewichen werden.
A86: () Eingeschränkte Aussagekraft der beruflichen Tätigkeit nach KldB 2010 bei niedriger Fallzahl.

Sheet Tabelle 5.1
J1: Beschäftigungsstatistik
A3: 5.1 Beendete sozialversicherungspflichtige Beschäftigungsverhältnisse nach der Klassifikation der Wirtschaftszweige 2008 (WZ 2008)
A4: Görlitz (14626); Gebietsstand des jeweiligen Stichtags
A5: 2. Quartal 2025
A7: Wirtschaftsabschnitte / Wirtschaftsabteilungen / Wirtschaftsgruppen WZ 2008 | C7: Anteile in % 1) | D7: beendete sozialversicherungspflichtige Beschäftigungsverhältnisse2) im… | I7: Veränderung gegenüber dem Vorjahresquartal (Spalte 1 zu Spalte 5)
D8: 2. Quartal 2025 | E8: 1. Quartal 2025 | F8: 4. Quartal 2024 | G8: 3. Quartal 2024 | H8: 2. Quartal 2024
I9: absolut | J9: in %
D10: 1 | E10: 2 | F10: 3 | G10: 4 | H10: 5 | I10: 6 | J10: 7
A11: Insgesamt | C11: 100 | D11: 4680 | E11: 6125 | F11: 4479 | G11: 5644 | H11: 4546 | I11: 134 | J11: 2.9476463
A12: A | B12: Land-, Forstwirtschaft und Fischerei | C12: 1.5384615 | D12: 72 | E12: 108 | F12: 155 | G12: 116 | H12: 97 | I12: -25 | J12: -25.773196
A13: B,D,E | B13: Bergbau, Energie- und Wasserversorgung, Entsorgungswirtschaft | C13: 1.6239316 | D13: 76 | E13: 102 | F13: 105 | G13: 88 | H13: 174 | I13: -98 | J13: -56.321839
A14: C | B14: Verarbeitendes Gewerbe | C14: 21.816239 | D14: 1021 | E14: 1179 | F14: 693 | G14: 969 | H14: 696 | I14: 325 | J14: 46.695402
A15: dav. 10-15, 18, 21, 31 | B15: Herstellung von überwiegend häuslich konsumierten Gütern (ohne Güter der Metall-, Elektro- und Chemieindustrie) | C15: 9.9145299 | D15: 464 | E15: 346 | F15: 282 | G15: 348 | H15: 314 | I15: 150 | J15: 47.770701
A16: 24-30, 32, 33 | B16: Metall- und Elektroindustrie sowie Stahlindustrie | C16: 8.974359 | D16: 420 | E16: 626 | F16: 276 | G16: 362 | H16: 267 | I16: 153 | J16: 57.303371
A17: 16, 17, 19, 20, ,22, 23 | B17: Hrst. v. Vorleistungsgütern, insb. v. chem. Erzeugnissen u. Kunststoffwaren (ohne Güter der Metall- u. Elektroindustrie) | C17: 2.9273504 | D17: 137 | E17: 207 | F17: 135 | G17: 259 | H17: 115 | I17: 22 | J17: 19.130435
A18: F | B18: Baugewerbe | C18: 6.3034188 | D18: 295 | E18: 480 | F18: 306 | G18: 357 | H18: 280 | I18: 15 | J18: 5.3571429
A19: G | B19: Handel, Instandhaltung, Reparatur von Kfz | C19: 13.119658 | D19: 614 | E19: 725 | F19: 556 | G19: 668 | H19: 555 | I19: 59 | J19: 10.630631
A20: H | B20: Verkehr und Lagerei | C20: 4.4871795 | D20: 210 | E20: 291 | F20: 235 | G20: 288 | H20: 231 | I20: -21 | J20: -9.0909091
A21: I | B21: Gastgewerbe | C21: 6.5811966 | D21: 308 | E21: 440 | F21: 346 | G21: 316 | H21: 227 | I21: 81 | J21: 35.682819
A22: J | B22: Information und Kommunikation | C22: 0.94017094 | D22: 44 | E22: 78 | F22: 46 | G22: 52 | H22: 37 | I22: 7 | J22: 18.918919
A23: K | B23: Erbringung von Finanz- und Versicherungsdienstleistungen | C23: 0.72649573 | D23: 34 | E23: 47 | F23: 39 | G23: 40 | H23: 41 | I23: -7 | J23: -17.073171
... A26: dav. N (ohne ANÜ) | B26: sonstige wirtschaftliche Dienstleistungen (ohne Arbeitnehmerüberlassung) | C26: 5.4487179 | D26: 255 | E26: 384 | F26: 282 | G26: 338 | H26: 230 | I26: 25 | J26: 10.869565
A27: 782.783 | B27: Arbeitnehmerüberlassung | C27: 4.9145299 | D27: 230 | E27: 244 | F27: 287 | G27: 235 | H27: 210 | I27: 20 | J27: 9.5238095
A28: O, U | B28: Öffentliche Verwaltung, Verteidigung, Sozialversicherung, Ext. Organisationen | C28: 2.7777778 | D28: 130 | E28: 269 | F28: 129 | G28: 243 | H28: 157 | I28: -27 | J28: -17.197452
A29: P | B29: Erziehung und Unterricht | C29: 4.0598291 | D29: 190 | E29: 210 | F29: 90 | G29: 283 | H29: 120 | I29: 70 | J29: 58.333333
A30: 86 | B30: Gesundheitswesen | C30: 6.517094 | D30: 305 | E30: 356 | F30: 221 | G30: 421 | H30: 258 | I30: 47 | J30: 18.217054
A31: 87.88 | B31: Heime und Sozialwesen | C31: 10.192308 | D31: 477 | E31: 553 | F31: 454 | G31: 617 | H31: 692 | I31: -215 | J31: -31.069364
A32: R,S,T | B32: sonstige Dienstleistungen, Private Haushalte | C32: 5.1923077 | D32: 243 | E32: 334 | F32: 288 | G32: 313 | H32: 316 | I32: -73 | J32: -23.101266
B33: keine Zuordnung möglich | C33: 0 | D33: 0 | E33: 0 | F33: 0 | G33: 0 | H33: 0 | I33: 0 | J33: 0
A34: davon nach Sektoren:
A35: A | B35: Land-, Forstwirtschaft und Fischerei | C35: 1.5384615 | D35: 72 | E35: 108 | F35: 155 | G35: 116 | H35: 97 | I35: -25 | J35: -25.773196
A36: B - F | B36: Produzierendes Gewerbe | C36: 29.74359 | D36: 1392 | E36: 1761 | F36: 1104 | G36: 1414 | H36: 1150 | I36: 242 | J36: 21.043478
A37: G - U | B37: Dienstleistungsbereich | C37: 68.717949 | D37: 3216 | E37: 4256 | F37: 3220 | G37: 4114 | H37: 3299 | I37: -83 | J37: -2.5159139
J38: © Statistik der Bundesagentur für Arbeit
A39: 1) Anteil an der jeweiligen Gesamtsumme (Spaltenprozent)
A40: 2) Als beendete Beschäftigungsverhältnisse im Sinne der Beschäftigungsstatistik zählen die Abmeldungen von einem sozialversicherungspflichtigen Beschäftigungsverhältnis innerhalb eines Zeitraums. Mehrfacherfassungen von Beschäftigten sind möglich.
A41: *) Aus Datenschutzgründen und Gründen der statistischen Geheimhaltung werden Zahlenwerte von 1 oder 2 und Daten, aus denen rechnerisch auf einen solchen Zahlenwert geschlossen werden kann, anonymisiert. Gleiches gilt, wenn in einer Region weniger als 3 Betriebe ansässig sind oder einer der Betriebe einen so hohen Beschäftigtenanteil auf sich vereint, dass die Beschäftigtenzahl praktisch eine Einzelangabe über den Branchenführer darstellt (Dominanzfall).

Sheet Tabelle 5.2
K1: Beschäftigungsstatistik
A3: 5.2 Beendete sozialversicherungspflichtige Beschäftigungsverhältnisse nach der Klassifikation der Berufe (KldB 2010)
A4: Görlitz (14626); Gebietsstand des jeweiligen Stichtags
A5: 2. Quartal 2025
A7: Anforderungsniveau/ Berufshauptgruppen/-gruppen (KldB2010) | D7: Anteile in % 1) | E7: beendete sozialversicherungspflichtige Beschäftigungsverhältnisse3) im… | J7: Veränderung gegenüber dem Vorjahresquartal (Spalte 1 zu Spalte 5)
E8: 2. Quartal 2025 | F8: 1. Quartal 2025 | G8: 4. Quartal 2024 | H8: 3. Quartal 2024 | I8: 2. Quartal 2024
J9: absolut | K9: in %
E10: 1 | F10: 2 | G10: 3 | H10: 4 | I10: 5 | J10: 6 | K10: 7
A11: Insgesamt | D11: 100 | E11: 4680 | F11: 6125 | G11: 4479 | H11: 5644 | I11: 4546 | J11: 134 | K11: 2.9476463
A12: darunter nach Anforderungsniveau der ausgeübten Tätigkeit (KldB 2010)
A13: Helfer | D13: 23.290598 | E13: 1090 | F13: 1383 | G13: 1221 | H13: 1415 | I13: 1128 | J13: -38 | K13: -3.3687943
A14: Fachkraft | D14: 59.487179 | E14: 2784 | F14: 3594 | G14: 2570 | H14: 3224 | I14: 2600 | J14: 184 | K14: 7.0769231
A15: Spezialist | D15: 8.1837607 | E15: 383 | F15: 544 | G15: 313 | H15: 449 | I15: 414 | J15: -31 | K15: -7.4879227
A16: Experte | D16: 8.7606838 | E16: 410 | F16: 588 | G16: 357 | H16: 514 | I16: 386 | J16: 24 | K16: 6.2176166
A17: davon nach Berufsfachlichkeit der ausgeübten Tätigkeit (KldB 2010)
A18: 11 | B18: Land-, Tier-, Forstwirtschaftsberufe | D18: 1.4316239 | E18: 67 | F18: 109 | G18: 125 | H18: 113 | I18: 78 | J18: -11 | K18: -14.102564
A19: dar. 111 | B19: Landwirtschaft | D19: 0.74786325 | E19: 35 | F19: 50 | G19: 86 | H19: 68 | I19: 30 | J19: 5 | K19: 16.666667
A20: 12 | B20: Gartenbauberufe, Floristik | D20: 0.87606838 | E20: 41 | F20: 60 | G20: 95 | H20: 51 | I20: 33 | J20: 8 | K20: 24.242424
A21: 21 | B21: Rohstoffgewinn,Glas-,Keramikverarbeitung | D21: 0.85470085 | E21: 40 | F21: 48 | G21: 52 | H21: 40 | I21: 108 | J21: -68 | K21: -62.962963
A22: 22 | B22: Kunststoff- u. Holzherst.,-verarbeitung | D22: 2.3290598 | E22: 109 | F22: 135 | G22: 98 | H22: 158 | I22: 84 | J22: 25 | K22: 29.761905
A23: 23 | B23: Papier-,Druckberufe, tech.Mediengestalt. | D23: 0.42735043 | E23: 20 | F23: 14 | G23: 9 | H23: 18 | I23: 14 | J23: 6 | K23: 42.857143
A24: 24 | B24: Metallerzeugung,-bearbeitung, Metallbau | D24: 4.6581197 | E24: 218 | F24: 254 | G24: 153 | H24: 195 | I24: 170 | J24: 48 | K24: 28.235294
A25: 25 | B25: Maschinen- und Fahrzeugtechnikberufe | D25: 5.8119658 | E25: 272 | F25: 292 | G25: 234 | H25: 194 | I25: 195 | J25: 77 | K25: 39.487179
A26: 26 | B26: Mechatronik-, Energie- u. Elektroberufe | D26: 2.2222222 | E26: 104 | F26: 184 | G26: 112 | H26: 119 | I26: 95 | J26: 9 | K26: 9.4736842
A27: 27 | B27: Techn.Entwickl.Konstr.Produktionssteuer. | D27: 1.8376068 | E27: 86 | F27: 118 | G27: 59 | H27: 73 | I27: 69 | J27: 17 | K27: 24.637681
A28: 28 | B28: Textil- und Lederberufe | D28: 2.6709402 | E28: 125 | F28: 112 | G28: 92 | H28: 99 | I28: 61 | J28: 64 | K28: 104.91803
A29: 29 | B29: Lebensmittelherstellung u. -verarbeitung | D29: 6.1324786 | E29: 287 | F29: 324 | G29: 240 | H29: 265 | I29: 225 | J29: 62 | K29: 27.555556
A30: dar. 292 | B30: Lebensmittel- u. Genussmittelherstellung | D30: 3.4615385 | E30: 162 | F30: 107 | G30: 84 | H30: 124 | I30: * | J30: * | K30: *
A31: dar. 293 | B31: Speisenzubereitung | D31: 2.542735 | E31: 119 | F31: 214 | G31: 152 | H31: 135 | I31: 112 | J31: 7 | K31: 6.25
A32: 31 | B32: Bauplanung,Architektur,Vermessungsberufe | D32: 0.2991453 | E32: 14 | F32: 26 | G32: 11 | H32: 18 | I32: * | J32: * | K32: *
A33: 32 | B33: Hoch- und Tiefbauberufe | D33: 3.1196581 | E33: 146 | F33: 185 | G33: 147 | H33: 171 | I33: 105 | J33: 41 | K33: 39.047619
A34: 33 | B34: (Innen-)Ausbauberufe | D34: 1.7094017 | E34: 80 | F34: 108 | G34: 77 | H34: 102 | I34: 64 | J34: 16 | K34: 25
A35: 34 | B35: Gebäude- u. versorgungstechnische Berufe | D35: 2.5213675 | E35: 118 | F35: 213 | G35: 141 | H35: 137 | I35: 146 | J35: -28 | K35: -19.178082
A36: 41 | B36: Mathematik-Biologie-Chemie-,Physikberufe | D36: 0.47008547 | E36: 22 | F36: 30 | G36: 30 | H36: 39 | I36: 19 | J36: 3 | K36: 15.789474
A37: 42 | B37: Geologie-,Geografie-,Umweltschutzberufe | D37: 0.23504274 | E37: 11 | F37: * | G37: * | H37: 8 | I37: * | J37: * | K37: *
A38: 43 | B38: Informatik- und andere IKT-Berufe | D38: 0.70512821 | E38: 33 | F38: 68 | G38: 27 | H38: 43 | I38: 30 | J38: 3 | K38: 10
A39: 51 | B39: Verkehr, Logistik (außer Fahrzeugführ.) | D39: 5.2777778 | E39: 247 | F39: 308 | G39: 217 | H39: 284 | I39: 228 | J39: 19 | K39: 8.3333333
A40: dar. 513 | B40: Lagerwirt.,Post,Zustellung,Güterumschlag | D40: 4.6153846 | E40: 216 | F40: 276 | G40: 188 | H40: 252 | I40: 205 | J40: 11 | K40: 5.3658537
B41: dar. Berufe in der Lagerwirtschaft (5131) | D41: 3.4615385 | E41: 162 | F41: 198 | G41: 140 | H41: 202 | I41: 134 | J41: 28 | K41: 20.895522
A42: 52 | B42: Führer von Fahrzeug- u. Transportgeräten | D42: 4.5299145 | E42: 212 | F42: 276 | G42: 257 | H42: 279 | I42: 234 | J42: -22 | K42: -9.4017094
A43: dar. 521 | B43: Fahrzeugführung im Straßenverkehr | D43: 3.7606838 | E43: 176 | F43: 226 | G43: 207 | H43: 236 | I43: 191 | J43: -15 | K43: -7.8534031
A44: 53 | B44: Schutz-,Sicherheits-, Überwachungsberufe | D44: 0.85470085 | E44: 40 | F44: 73 | G44: 34 | H44: 36 | I44: 26 | J44: 14 | K44: 53.846154
A45: dar. 531 | B45: Obj.-,Pers.-,Brandschutz,Arbeitssicherh. | D45: 0.74786325 | E45: 35 | F45: 67 | G45: 29 | H45: 31 | I45: 25 | J45: 10 | K45: 40
A46: 54 | B46: Reinigungsberufe | D46: 2.7564103 | E46: 129 | F46: 209 | G46: 139 | H46: 143 | I46: 126 | J46: 3 | K46: 2.3809524
A47: 61 | B47: Einkaufs-, Vertriebs- und Handelsberufe | D47: 2.1794872 | E47: 102 | F47: 109 | G47: 55 | H47: 71 | I47: 60 | J47: 42 | K47: 70
A48: 62 | B48: Verkaufsberufe | D48: 7.6923077 | E48: 360 | F48: 442 | G48: 379 | H48: 454 | I48: 368 | J48: -8 | K48: -2.173913
A49: 63 | B49: Tourismus-, Hotel- und Gaststättenberufe | D49: 4.465812 | E49: 209 | F49: 252 | G49: 237 | H49: 224 | I49: 193 | J49: 16 | K49: 8.2901554
A50: dar. 632 | B50: Hotellerie | D50: 0.61965812 | E50: 29 | F50: 40 | G50: 31 | H50: 36 | I50: 39 | J50: -10 | K50: -25.641026
A51: dar. 633 | B51: Gastronomie | D51: 3.6111111 | E51: 169 | F51: 182 | G51: 182 | H51: 158 | I51: 137 | J51: 32 | K51: 23.357664
A52: 71 | B52: Berufe Unternehmensführung,-organisation | D52: 6.9017094 | E52: 323 | F52: 625 | G52: 334 | H52: 393 | I52: 339 | J52: -16 | K52: -4.719764
A53: dar. 713 | B53: Unternehmensorganisation und -strategie | D53: 1.7948718 | E53: 84 | F53: 179 | G53: 84 | H53: 112 | I53: 82 | J53: 2 | K53: 2.4390244
A54: dar. 714 | B54: Büro und Sekretariat | D54: 4.5299145 | E54: 212 | F54: 370 | G54: 217 | H54: 250 | I54: 228 | J54: -16 | K54: -7.0175439
A55: 72 | B55: Finanzdienstl.Rechnungsw.,Steuerberatung | D55: 1.4529915 | E55: 68 | F55: 120 | G55: 74 | H55: 100 | I55: 88 | J55: -20 | K55: -22.727273
A56: dar. 721 | B56: Versicherungs- u. Finanzdienstleistungen | D56: 0.55555556 | E56: 26 | F56: 28 | G56: 27 | H56: 35 | I56: 29 | J56: -3 | K56: -10.344828
A57: dar. 722 | B57: Rechnungswesen, Controlling und Revision | D57: 0.55555556 | E57: 26 | F57: 75 | G57: 32 | H57: 53 | I57: 35 | J57: -9 | K57: -25.714286
A58: 73 | B58: Berufe in Recht und Verwaltung | D58: 1.0042735 | E58: 47 | F58: 106 | G58: 40 | H58: 97 | I58: 59 | J58: -12 | K58: -20.338983
A59: dar. 732 | B59: Verwaltung | D59: 0.87606838 | E59: 41 | F59: 99 | G59: 28 | H59: 84 | I59: 48 | J59: -7 | K59: -14.583333
A60: 81 | B60: Medizinische Gesundheitsberufe | D60: 8.3760684 | E60: 392 | F60: 451 | G60: 307 | H60: 542 | I60: 426 | J60: -34 | K60: -7.9812207
A61: dar. 811 | B61: Arzt- und Praxishilfe | D61: 2.1367521 | E61: 100 | F61: 72 | G61: 50 | H61: 68 | I61: 66 | J61: 34 | K61: 51.515152
A62: dar. 813 | B62: Gesundh.,Krankenpfl.,Rettungsd.Geburtsh. 2) | D62: 4.1452991 | E62: 194 | F62: 247 | G62: 190 | H62: 356 | I62: 218 | J62: -24 | K62: -11.009174
A63: dar. 814 | B63: Human- und Zahnmedizin | D63: 0.5982906 | E63: 28 | F63: 50 | G63: 28 | H63: 43 | I63: 55 | J63: -27 | K63: -49.090909
A64: dar. 817 | B64: Nicht ärztliche Therapie und Heilkunde | D64: 0.61965812 | E64: 29 | F64: 55 | G64: 20 | H64: 45 | I64: 64 | J64: -35 | K64: -54.6875
A65: 82 | B65: Nichtmed.Gesundheit,Körperpfl.,Medizint. | D65: 4.9786325 | E65: 233 | F65: 250 | G65: 214 | H65: 321 | I65: 330 | J65: -97 | K65: -29.393939
A66: dar. 821 | B66: Altenpflege 2) | D66: 4.3162393 | E66: 202 | F66: 189 | G66: 177 | H66: 279 | I66: 275 | J66: -73 | K66: -26.545455
A67: dar. 823 | B67: Körperpflege | D67: 0.32051282 | E67: 15 | F67: 19 | G67: 18 | H67: 22 | I67: 27 | J67: -12 | K67: -44.444444
A68: 83 | B68: Erziehung,soz.,hauswirt.Berufe,Theologie | D68: 4.9358974 | E68: 231 | F68: 336 | G68: 227 | H68: 421 | I68: 262 | J68: -31 | K68: -11.832061
A69: dar. 831 | B69: Erziehung,Sozialarb.,Heilerziehungspfl. | D69: 3.9102564 | E69: 183 | F69: 268 | G69: 157 | H69: 351 | I69: 209 | J69: -26 | K69: -12.440191
B70: dar. Berufe i.d. Kinderbetr., -erziehung (8311) | D70: 1.4529915 | E70: 68 | F70: 110 | G70: 61 | H70: 210 | I70: 91 | J70: -23 | K70: -25.274725
A71: 84 | B71: Lehrende und ausbildende Berufe | D71: 3.3119658 | E71: 155 | F71: 148 | G71: 84 | H71: 215 | I71: 89 | J71: 66 | K71: 74.157303
A72: dar. 841 | B72: Lehrtätigkeit an allgemeinbild. Schulen | D72: 1.8162393 | E72: 85 | F72: 46 | G72: 30 | H72: 135 | I72: 47 | J72: 38 | K72: 80.851064
A73: dar. 842 | B73: Lehrt.berufsb.Fächer,betr.Ausb.,Betr.päd | D73: 0.23504274 | E73: 11 | F73: 27 | G73: 10 | H73: 27 | I73: 7 | J73: 4 | K73: 57.142857
A74: dar. 843 | B74: Lehr-, Forschungstätigkeit an Hochschulen | D74: 0.51282051 | E74: 24 | F74: 34 | G74: 21 | H74: 22 | I74: 19 | J74: 5 | K74: 26.315789
A75: 91 | B75: Geistes-Gesellschafts-Wirtschaftswissen. | D75: 0.064102564 | E75: 3 | F75: * | G75: * | H75: 11 | I75: 10 | J75: -7 | K75: -70
A76: 92 | B76: Werbung,Marketing,kaufm,red.Medienberufe | D76: 1.025641 | E76: 48 | F76: 56 | G76: 67 | H76: 89 | I76: 77 | J76: -29 | K76: -37.662338
A77: 93 | B77: Produktdesign, Kunsthandwerk | D77: 0.17094017 | E77: 8 | F77: 21 | G77: 12 | H77: 12 | I77: 12 | J77: -4 | K77: -33.333333
A78: 94 | B78: Darstellende, unterhaltende Berufe | D78: 1.3888889 | E78: 65 | F78: 29 | G78: 75 | H78: 66 | I78: 93 | J78: -28 | K78: -30.107527
A79: XX | B79: Sonstige / Keine Angabe | D79: 0.32051282 | E79: 15 | F79: 22 | G79: 20 | H79: 43 | I79: 20 | J79: -5 | K79: -25
K80: © Statistik der Bundesagentur für Arbeit
A81: 1) Anteil an der jeweiligen Gesamtsumme (Spaltenprozent)
A82: 2) Aufgrund der Anfang 2020 eingeführten generalistischen Ausbildung zur Pflegefachfrau bzw. zum Pflegefachmann kann in den Arbeitsmarktstatistiken ab diesem Zeitpunkt nicht mehr trennscharf zwischen Gesundheits- und Krankenpflege einerseits und Altenpflege andererseits unterschieden werden. Daher solllten die beiden Berufe nur in Summe betrachtet werden.
A83: 3) Als beendete Beschäftigungsverhältnisse im Sinne der Beschäftigungsstatistik zählen die Abmeldungen von einem sozialversicherungspflichtigen Beschäftigungsverhältnis innerhalb eines Zeitraums. Mehrfacherfassungen von Beschäftigten sind möglich.
A84: *) Aus Datenschutzgründen und Gründen der statistischen Geheimhaltung werden Zahlenwerte von 1 oder 2 und Daten, aus denen rechnerisch auf einen solchen Zahlenwert geschlossen werden kann, anonymisiert.
A85: .X Veränderungswert >250%. In begründeten Ausnahmefällen kann von der Regel abgewichen werden.
A86: () Eingeschränkte Aussagekraft der beruflichen Tätigkeit nach KldB 2010 bei niedriger Fallzahl.

Sheet Tabelle 6
M1: Beschäftigungsstatistik
A3: 6. Sozialversicherungspflichtig und geringfügig entlohnte Beschäftigte sowie begonnene und beendete sv-pflichtige Beschäftigungsverhältnisse
A4: Görlitz (14626); (Gebietsstand Dezember 2025)
A5: Zeitreihe mit fiktivem Gebietsstand 1) 2)
A6: Aufgrund einer rückwirkenden Korrektur der Beschäftigungsstatistik können diese Daten von zuvor veröffentlichten Ergebnissen geringfügig abweichen.
A7: Stichtag Ende ... / Quartal | B7: sozialversicherungspflichtig Beschäftigte (Stichtag) | I7: geringfügig entlohnte Beschäftigte (Stichtag) | L7: Beschäftigungs- verhältnisse (Quartal)
B8: Insgesamt | C8: Männer | D8: Frauen | E8: Vollzeit | F8: Teilzeit | G8: unter 25 Jahre | H8: 50 bis unter 65 Jahre | I8: Insgesamt | J8: aus- schließlich | K8: im Nebenjob | L8: begonnene | M8: beendete
B9: 1 | C9: 2 | D9: 3 | E9: 4 | F9: 5 | G9: 6 | H9: 7 | I9: 8 | J9: 9 | K9: 10 | L9: 11 | M9: 12
A10: 2015 Jun. / 2 . Quartal | B10: 82493 | C10: 40351 | D10: 42142 | E10: 55520 | F10: 26873 | G10: 5557 | H10: 31021 | I10: 11934 | J10: 9240 | K10: 2694 | L10: 5211 | M10: 3969
A11: Sep. / 3 . Quartal | B11: 83649 | C11: 41107 | D11: 42542 | E11: 56228 | F11: 27398 | G11: 6161 | H11: 31325 | I11: 11901 | J11: 9115 | K11: 2786 | L11: 6089 | M11: 5132
A12: Dez. / 4 . Quartal | B12: 82559 | C12: 40246 | D12: 42313 | E12: 55026 | F12: 27515 | G12: 5898 | H12: 30990 | I12: 11965 | J12: 9227 | K12: 2738 | L12: 3938 | M12: 4983
A13: 2016 Mrz. / 1 . Quartal | B13: 82333 | C13: 40093 | D13: 42240 | E13: 54645 | F13: 27679 | G13: 5673 | H13: 31159 | I13: 11907 | J13: 9256 | K13: 2651 | L13: 5368 | M13: 5549
A14: Jun. / 2 . Quartal | B14: 83986 | C14: 41392 | D14: 42594 | E14: 55764 | F14: 28219 | G14: 5582 | H14: 31991 | I14: 12055 | J14: 9213 | K14: 2842 | L14: 5333 | M14: 3711
A15: Sep. / 3 . Quartal | B15: 85270 | C15: 42121 | D15: 43149 | E15: 56536 | F15: 28733 | G15: 6274 | H15: 32261 | I15: 12159 | J15: 9161 | K15: 2998 | L15: 6269 | M15: 5066
A16: Dez. / 4 . Quartal | B16: 83772 | C16: 41077 | D16: 42695 | E16: 55341 | F16: 28431 | G16: 6083 | H16: 31813 | I16: 12159 | J16: 9249 | K16: 2910 | L16: 3623 | M16: 5173
A17: 2017 Mrz. / 1 . Quartal | B17: 83946 | C17: 41143 | D17: 42803 | E17: 55162 | F17: 28784 | G17: 5917 | H17: 31984 | I17: 11951 | J17: 9114 | K17: 2837 | L17: 6233 | M17: 6087
A18: Jun. / 2 . Quartal | B18: 84381 | C18: 41724 | D18: 42657 | E18: 54997 | F18: 29384 | G18: 5816 | H18: 32487 | I18: 12012 | J18: 9012 | K18: 3000 | L18: 5210 | M18: 4709
A19: Sep. / 3 . Quartal | B19: 86686 | C19: 42907 | D19: 43779 | E19: 56901 | F19: 29785 | G19: 6632 | H19: 33038 | I19: 11931 | J19: 8865 | K19: 3066 | L19: 6728 | M19: 5533
A20: Dez. / 4 . Quartal | B20: 85857 | C20: 42321 | D20: 43536 | E20: 56171 | F20: 29686 | G20: 6520 | H20: 32830 | I20: 12084 | J20: 9074 | K20: 3010 | L20: 3963 | M20: 4838
A21: 2018 Mrz. / 1 . Quartal | B21: 85528 | C21: 42111 | D21: 43417 | E21: 55726 | F21: 29802 | G21: 6308 | H21: 32822 | I21: 11954 | J21: 8991 | K21: 2963 | L21: 6609 | M21: 6878
... A50: Jun. / 2 . Quartal | B50: 87540 | C50: 43622 | D50: 43918 | E50: 53578 | F50: 33962 | G50: 7593 | H50: 32885 | I50: 11635 | J50: 7885 | K50: 3750 | L50: 4822 | M50: 4680
M51: © Statistik der Bundesagentur für Arbeit
A52: 1) Die Zeitreihe bildet abweichend von den anderen Tabellen dieses Produkts nicht den Gebietsstand zum jeweiligen Stichtag sondern zum o. g. festen Zeitpunkt ab und ermöglicht somit einen Vergleich unabhängig von in der Vergangenheit erfolgten Gebietsstandsänderungen.
A53: 2) Im Dezember 2023 erfolgte eine partielle Revision der Wohn- und Arbeitsortangaben in der Beschäftigungsstatistik, siehe methodischer Hinweis.
A54: *) Aus Datenschutzgründen und Gründen der statistischen Geheimhaltung werden Zahlenwerte von 1 oder 2 und Daten, aus denen rechnerisch auf einen solchen Zahlenwert geschlossen werden kann, anonymisiert.
A56: Entwicklung der sozialversicherungspflichtigen und der geringfügig entlohnten Beschäftigten (Jun 19: 100%)

Sheet Hinweis - Berufsaggregate
B1: Beschäftigungsstatistik
B2: Stand: 02.08.2023
B3: Methodische Hinweise zu ausgeübte Tätigkeit und Anforderungsniveau (KldB 2010) - Berufsaggregate
B4: Ausgeübte Tätigkeit Die ausgeübte Tätigkeit wird in der Beschäftigungsstatistik seit dem Stichtag 31.12.2012 nach der Klassifikation der Berufe 2010 (KldB 2010) abgebildet. Maßgebend für die Verschlüsselung ist allein die Tätigkeit, die der Beschäftigte aktuell im Betrieb ausübt – auch wenn diese Tätigkeit nicht dem erlernten Beruf entspricht. Treffen mehrere Tätigkeitsbezeichnungen für einen Beschäftigten zu, wird die Bezeichnung verschlüsselt, die für die überwiegend ausgeübte Tätigkeit gilt. Auszubildende werden mit ihrem Zielberuf (gemäß Ausbildungsvertrag) verschlüsselt. Ein Vergleich der KldB 2010 mit den Angaben älterer Klassifikationen (KldB 1988) ist nur sehr eingeschränkt möglich. Die Klassifikation der Berufe 2010 strukturiert und gruppiert die in Deutschland üblichen Berufsbezeichnungen anhand ihrer Ähnlichkeit über ein hierarchisch aufsteigendes, numerisches System in fünf Ebenen. Als strukturgebende Dimension weist die KldB 2010 auf den ersten vier Aggregationsebenen die „Berufsfachlichkeit“ aus.
B6: Beschreibung der Berufsaggregate:
B8: "Bauberufe" Kurzbeschreibung Das Berufsaggregat "Bauberufe" umfasst Berufsgattungen der KldB2010, die typische Bau-Tätigkeiten beschreiben und ist nicht im Sinne von etwaigen personenbezogenen Berufsausbildungen zu interpretieren. Das bedeutet im Umkehrschluss, eine mögliche Berufsausbildung in einem Bauberuf stellt nicht die einzige Zugangsmöglichkeit zu diesen Berufen bzw. Tätigkeiten dar, auch wenn sie vielleicht als idealtypisch gelten mag. Die Tätigkeiten reichen vom Anforderungsniveau "Helfer" bis "Experte". Zugeordnete Berufe (Beispiele) Bauhelfer/-in Elektroinstallateur/-in Maurermeister/-in Architekt/-in
B9: hier finden Sie die ausführliche Beschreibung der "Bauberufe"
B11: "Handwerksberufe" Kurzbeschreibung Das spezifische Berufsaggregat "Handwerksberufe" umfasst Berufsgattungen der KldB2010, die für ausgebildete Handwerker typische Berufe im Sinne von Tätigkeiten beschreiben und ist nicht im Sinne von personenbezogenen Berufsausbildungen zu interpretieren. Hierbei ist zu beachten, dass auch Ausbildungen des industriellen Sektors eine Zugangsvoraussetzung zu Handwerksberufen darstellen. Das bedeutet, eine Berufsausbildung zum Handwerker stellt nicht die einzige Zugangsmöglichkeit zu diesen Berufen bzw. Tätigkeiten dar, auch wenn sie vielleicht als idealtypisch gelten mag. Zugeordnete Berufe (Beispiele) Tischlerei, KFZ-Mechatronik, Fotografie, Gebäudereinigung, Medizintechnik, Raumausstattung
B12: hier finden Sie die ausführliche Beschreibung der "Handwerksberufe"
B14: "Ingenieurberufe" Kurzbeschreibung Das Berufsaggregat "Ingenieurberufe" umfasst Berufsgattungen der KldB2010, die für ausgebildete Ingenieure typische Berufe im Sinne von Tätigkeiten beschreiben und ist nicht im Sinne von personenbezogenen Berufsausbildungen zu interpretieren. Das bedeutet im Umkehrschluss, eine Berufsausbildung zum Ingenieur stellt nicht die einzige Zugangsmöglichkeit zu diesen Berufen bzw. Tätigkeiten dar, auch wenn sie vielleicht als idealtypisch gelten mag. Zugeordnete Berufe (Beispiele) Maschinenbauingenieur/-in Ingenieur/-in - Druck- und Medientechnik Elektrotechnikingenieur/-in Bauingenieur/-in
B15: hier finden Sie die ausführliche Beschreibung der "Ingenieurberufe"
B17: "MINT-Berufe" Kurzbeschreibung Das spezifische Berufsaggregat "MINT-Berufe" umfasst alle Tätigkeiten, für deren Ausübung ein hoher Anteil an Kenntnissen aus den Bereichen Mathematik, Informatik, Naturwissenschaften und/oder Technik erforderlich ist. Dabei wird auch das Bauen und Instandhalten technischer Anlagen und Geräte als zentraler Bestandteil einer Tätigkeit zu den MINT-Qualifikationen gezählt. Das Berufsaggregat "MINT-Berufe" umfasst neben den hochqualifizierten MINT-Berufen auch die so genannten mittelqualifizierten MINT-Berufe Zugeordnete Berufe (Beispiele) Verfahrensmechaniker/in IT-Administratoren/in Chemielaborant/in Ingenieur/in - Werkstofftechnik
... B24: https://statistik.arbeitsagentur.de/DE/Navigation/Grundlagen/Klassifikationen/Klassifikation-der-Berufe/Klassifikation-der-Berufe-Nav.html

Sheet Hinweis_Befristung
A1: Beschäftigungsstatistik
B2: Stand: 18.09.2023
B3: Methodische Hinweise Befristung
B5: Die Information über die Befristung wurde erstmals im Zuge der Umstellung des Tätigkeitsschlüssels (TS 2010) aufgenommen. Auswertungen sind rückwirkend ab Oktober 2012 möglich.
B7: Eine Beschäftigung kann befristet oder unbefristet sein. Die genauen Definitionen lauten: • Unbefristete Beschäftigung Der Arbeitsvertrag wurde auf unbestimmte Zeit abgeschlossen. • Befristete Beschäftigung Der Arbeitsvertrag wurde auf bestimmte Zeit abgeschlossen (kalendermäßig befristete Arbeitsverträge oder zweckbefristete Arbeitsverträge).
B9: Befristung der begonnenen Beschäftigungsverhältnisse Die Befristung ist für begonnene Beschäftigungsverhältnisse auswertbar. Für Auswertungen empfiehlt sich ein eingeschränkter Personenkreis der sozialversicherungspflichtig Beschäftigten mit dem Ausschluss von Personengruppen, die eine an sich befristete Beschäftigung haben. Diese wären:
B11: • sozialversicherungspflichtig Beschäftigte in Ausbildung • Praktikanten • Personen, die ein freiwilliges soziales, ein freiwilliges ökologisches Jahr oder einen Bundesfreiwilligendienst leisten • Teilnehmende an zeitlich befristeten arbeitsmarktpolitischen Maßnahmen bei einem Rehabilitationsträger (Personengruppenschlüssel 204)
B13: Befristung der Beschäftigungsverhältnisse und Beschäftigten im Bestand Für den Bestand in Beschäftigung ergeben sich überhöhte Werte bei der Befristung. Dies hängt mit den Meldungen der Arbeitgeber zur Sozialversicherung zusammen. Zeitpunkt der Gültigkeit für die Angabe zur Befristung:
B15: • Beginnzeitpunkt der Meldung bei Anmeldungen zur Sozialversicherung • Endezeitpunkt der Meldung bei allen übrigen Meldungen
B17: Bei Anmeldungen einer sozialversicherungspflichtigen Beschäftigung ist die Angabe zur Befristung zum Beginnzeitpunkt der Meldung zu melden. Damit ist für begonnene Beschäftigungen eine gesicherte Aussage möglich. Im Jahresverlauf nimmt die Qualität der Angabe allerdings für laufende Beschäftigungen ab. Zudem ist es notwendig, dass die Arbeitgeber die Angabe zur Befristung bei jeder Meldung überprüfen und entsprechend aktualisieren, ansonsten werden die Befristungen bei länger bestehenden Beschäftigungen überzeichnet. In den Daten ist eine solche Überzeichnung festzustellen. Es gibt einen Teil an Arbeitgebern, die die Angabe nicht regelmäßig aktualisieren und damit steigt der Anteil der befristeten Beschäftigungen beim Bestand der Beschäftigten und der Beschäftigungsverhältnisse in der Statistik über die Zeit hinweg stetig leicht an.
B19: Weitere Informationen finden Sie im Methodenbericht "Befristete Beschäftigung":
B20: https://statistik.arbeitsagentur.de/DE/Statischer-Content/Grundlagen/Methodik-Qualitaet/Methodenberichte/Beschaeftigungsstatistik/Generische-Publikationen/Methodenbericht-Befristete-Beschaeftigung.pdf?__blob=publicationFile

Sheet Hinweis_beg_been_BV
A1: Beschäftigungsstatistik
B2: Stand: 18.09.2023
B3: Methodische Hinweise zu begonnenen und beendeten Beschäftigungsverhältnissen
B5: Im Gegensatz zu den Bestandsdaten der Beschäftigungsstatistik werden begonnene und beendete Beschäftigungsverhältnisse zeitraumbezogen ausgewertet (Monat, Quartal oder Jahr). Während beim Bestand an Beschäftigten eine Person – unabhängig von der Anzahl der Beschäftigungsverhältnisse – zum Stichtag nur einmal gezählt wird (Personenkonzept), ist es bei den Bewegungsdaten durchaus möglich, dass eine Person mehrfach gezählt wird (Fallkonzept). Dies ist der Fall, wenn die Person im Betrachtungszeitraum mehr als ein Beschäftigungsverhältnis beginnt bzw. beendet. Ergebnisse zu den begonnenen und beendeten Beschäftigungsverhältnissen liegen mit einer Wartezeit von sechs Monaten vor. Eine Betrachtung ist in der Regel nur nach dem Arbeitsort sinnvoll, weil die Beschäftigungsverhältnisse sich primär auf den Sitz des Betriebes beziehen. Für bestimmte Fragestellungen, beispielsweise wenn die begonnenen Beschäftigungen den Arbeitslosen gegenüber gestellt werden, kann dennoch der Wohnort der Beschäftigten betrachtet werden.
B7: Ein begonnenes Beschäftigungsverhältnis wird gezählt, wenn eine Anmeldung mit Abgabegrund „Anmeldung wegen Beginn einer Beschäftigung“ im Rahmen des Meldeverfahrens zur Sozialversicherung durch den Arbeitgeber abgegeben wurde, deren Beginn-Datum der Beschäftigung innerhalb des Betrachtungszeitraums liegt. Entsprechend wird ein beendetes Beschäftigungsverhältnis gezählt, wenn eine Abmeldung mit Abgabegrund „Abmeldung wegen Ende einer Beschäftigung“ abgegeben wurde, deren Ende der Beschäftigung innerhalb des Betrachtungszeitraums liegt. Ein beendetes und ein begonnenes Beschäftigungsverhältnis werden aber auch dann gezählt, wenn ein Wechsel zwischen folgenden Beschäftigungsarten stattfindet: - sozialversicherungspflichtiges Ausbildungsverhältnis - sozialversicherungspflichtiges Beschäftigungsverhältnis (keine Ausbildung) - geringfügig entlohntes Beschäftigungsverhältnis - kurzfristiges Beschäftigungsverhältnis So werden zum Beispiel immer dann ein beendetes und ein begonnenes Beschäftigungsverhältnis gezählt, wenn ein Beschäftigter seine Ausbildung beendet und anschließend weiterbeschäftigt wird. Dabei ist gleichgültig, ob dies beim selben oder bei einem anderen Arbeitgeber geschieht. Gleichzeitige An- und Abmeldungen, welche das Meldeverfahren für bestimmte, im Voraus befristete Beschäftigungsverhältnisse vorsieht, werden generell als Beginn und Ende eines Beschäftigungsverhältnisses gezählt.
B9: Damit ist das neue Messkonzept wesentlich genauer und bildet sämtliche Übergänge konsequent und vollständig ab. Zu beachten ist in diesem Zusammenhang auch, dass ein beendetes Beschäftigungsverhältnis nicht (wie vor der Revision 2014) am letzten Arbeitstag in der Statistik gezählt wird, sondern erst am Tag danach. So werden z. B. alle Beschäftigungsverhältnisse, welche mit Ablauf des 31.12. enden, erst im Januar als Abgang gezählt.
B11: Bei der Bewertung der Zahl der begonnenen und beendeten Beschäftigungsverhältnisse ist zu berücksichtigen, dass aufgrund des Verfahrens zur Betriebsnummernvergabe z. B. - bei der Aufsplittung von Betrieben bzw. Betriebsstätten oder - bei der Fusion von Betrieben bzw. Betriebsstätten unter Umständen eine Abmeldung und nachfolgende (Neu-)Anmeldung von Beschäftigten unter einer neuen Betriebsnummer durch den Arbeitgeber erfolgt. Die Beschäftigten haben ihren Arbeitsplatz jedoch nicht gewechselt, und auch das Beschäftigungsverhältnis wurde nicht unterbrochen. Faktisch ist also weder ein Beschäftigungsverhältnis beendet noch eines begonnen worden, die Bewegungen werden aber statistisch gezählt. Auch An- und Abmeldungen in Verbindung mit der Eröffnung eines Insolvenzverfahrens führen zu einer Überzeichnung der begonnenen und beendeten Beschäftigungsverhältnisse, soweit eine neue Betriebsnummer vergeben wird.
B13: Neben den begonnenen und beendeten Beschäftigungsverhältnissen kann auch der Bestand an Beschäftigungsverhältnissen (nicht zu verwechseln mit dem Bestand an Beschäftigten) zum Stichtag ausgewertet werden. Es sei an dieser Stelle darauf hingewiesen, dass die Formel „Bestand (t)“ = „Bestand (t-1)“ - „Abgang (t) “ + „Zugang (t)“ (Stock-Flow-Modell) nur dann aufgeht, wenn alle Komponenten aus einem Datenstand ermittelt werden. Da in der Beschäftigungsstatistik grundsätzlich mit 6 Monaten Wartezeit ausgewertet wird, ist dies nicht der Fall und obige Formel geht nicht auf. Die rechnerischen Abweichungen sind dabei gering, variieren aber von Stichtag zu Stichtag.
B15: Datenschutz Die Bestandsdaten der Beschäftigungsstatistik unterliegen grundsätzlich der Geheimhaltung nach § 16 BStatG. Eine Übermittlung von Einzelangaben ist daher ausgeschlossen. Aus diesem Grund werden Zahlenwerte unter 3 und Daten, aus denen sich rechnerisch eine Differenz ermitteln lässt, mit * anonymisiert. Gleiches gilt, wenn in einer Region oder in einem Wirtschaftszweig weniger als 3 Betriebe ansässig sind oder einer der Betriebe einen so hohen Beschäftigtenanteil auf sich vereint, dass die Beschäftigtenzahl praktisch eine Einzelangabe über diesen Betrieb darstellt (Dominanzfall). Grundsätzlich gelten auch bei den Bewegungsdaten die gleichen Regeln der statistischen Geheimhaltung wie bei den Bestandsdaten. Es ist daher eine Dominanzprüfung anzuwenden. Wenn im Bestand eine Geheimhaltung notwendig wird, so ist das in der Regel auch für die jeweiligen Bewegungsdaten anzunehmen. Für die Prüfung bei den begonnenen und beendeten Beschäftigungsverhältnissen wird der jeweilige Stichtag zum Quartalsende herangezogen. Bei Zeiträumen über mehrere Quartale hinweg wären alle Stichtage der Quartalsenden zu prüfen. Näherungsweise könnte auch die Prüfung eines repräsentativen Stichtages im Zeitraum herangezogen werden.
B17: Weiterführende Informationen zur Statistik der sozialversicherungspflichtigen und geringfügigen Beschäftigung finden Sie unter:
B18: https://statistik.arbeitsagentur.de/DE/Statischer-Content/Grundlagen/Methodik-Qualitaet/Qualitaetsberichte/Generische-Publikationen/Qualitaetsbericht-Statistik-Beschaeftigung.pdf?__blob=publicationFile

Sheet Hinweise_BST-Revisionen
A1: Beschäftigungsstatistik
B2: Stand: 16.12.2024
B3: Methodische Hinweise zu Revisionen in der Beschäftigungsstatistik
B4: Aufgrund rückwirkender Revisionen der Beschäftigungsstatistik können Daten von zuvor veröffentlichten Daten abweichen. Dies ist insbesondere beim Vergleich mit älteren Veröffentlichungen zu berücksichtigen. Das Revidieren von Daten, d. h. die nachträgliche Änderung von bereits publizierten statistischen Daten, erfolgt anlassbezogen und unregelmäßig. Es behebt Fehler und verbessert die Genauigkeit. Dies kann erforderlich werden, weil sich rückwirkend eine wesentliche Änderung in der Datenquelle eines Statistikverfahrens ergeben hat oder weil ein Fehler in den statistischen Verarbeitungsregeln erkannt wurde. In beiden Fällen werden die statistischen Ergebnisse neu berechnet – auch für zurückliegende Berichtszeiträume. Ab dem Revisionszeitpunkt erstellte Publikationen enthalten – sofern möglich – auch rückwirkend neue Ergebnisse und einen entsprechenden Hinweis. Davon abzugrenzen ist die Festschreibung vorläufiger Ergebnisse in endgültige Ergebnisse nach Wartezeiten von üblicherweise sechs Monaten. Sie erfolgt regelmäßig und wird nicht gesondert kommuniziert. Im folgenden sind die Revisionen der Beschäftigungsstatistik kurz erläutert.
B6: Revision 2023 (Veröffentlichung ab Dezember 2023) Im Fokus der Revision stand eine verbesserte regionale Abbildung von Beschäftigten nach dem Arbeits- und Wohnort. Die Ermittlung des Arbeitsortes wurde um die Verwendung von georeferenzierten Adressdaten des Bundesamtes für Kartographie und Geodäsie ergänzt. Dadurch erfolgte insbesondere für Gewerbe- und Industriegebiete, die sich über mehrere Gemeinden erstrecken, eine präzisere Zuordnung. Bei der Wohnortzuordnung kam es bisher insbesondere nach Gebietsreformen zu Ausfällen. Diese wurden mit der Revision zu einem Großteil durch verbesserte Regelwerke bei der Verarbeitung der Daten behoben. Die Anzahl der sozialversicherungspflichtig Beschäftigten ohne Wohnortzuordnung reduzierte sich dadurch um mehr als die Hälfte. Die Arbeitsortdaten wurden für den Zeitraum ab Januar 2018 und die Wohnortdaten ab Januar 2013 revidiert. Es handelte sich um eine partielle Revision, da die Anzahl von Beschäftigten und Beschäftigungsbetrieben insgesamt unverändert blieb. Ergänzend dazu sind kleinere Anpassungen vorgenommen worden, welche die Qualität der Beschäftigungsstatistik erhöhten. Diese betreffen die Einteilung der Voll- und Teilzeitbeschäftigung sowie die Gliederung nach dem Wirtschaftszweig. Nähere Informationen sind zu finden im Methodenbericht:
B7: Beschäftigungsstatistik – partielle Revision 2023
B9: Revision 2017 (Veröffentlichung ab Januar 2018) Im Jahr 2016 sind aufgrund eines technischen Problems im Datenverarbeitungsprozess in größerem Umfang Arbeitgebermeldungen zur Sozialversicherung nicht in die Statistik-Datenverarbeitung eingeflossen. Diese Meldungen wurden im Jahr 2017 nachträglich aufgenommen und die Ergebnisse der Beschäftigungsstatistik ab August 2015 neu ermittelt. Zuvor waren insbesondere die begonnenen und beendeten sozialversicherungspflichtigen Beschäftigungsverhältnisse im 1. Quartal 2016 untererfasst, der Bestand der Berichtsmonate Juni und Juli 2016 sowie die beendeten Beschäftigungsverhältnisse im 2. und 3. Quartal 2016 überzeichnet. Im Zuge der Revision 2017 wurde zudem eine Lücke (von Januar 2011 bis September 2012) in der Berichterstattung der sozialversicherungspflichtig Beschäftigten zum Merkmal Arbeitszeit (Vollzeit/Teilzeit) durch ein Hochrechnungsverfahren geschlossen. Angaben zu Vollzeit- und Teilzeitbeschäftigung stehen damit durchgängig für alle Berichtsmonate zur Verfügung. Ausführliche Informationen finden Sie im Methodenbericht:
B10: Revision der Beschäftigungsstatistik 2017
B12: Revision 2014 (Veröffentlichung ab August 2014) Im Jahr 2014 hat die Statistik der Bundesagentur für Arbeit die Datenaufbereitung für die Beschäftigungsstatistik modernisiert, um genauere Ergebnisse zu erzielen und die Beschäftigungsstatistik weiter ausbauen zu können. Der Datenabgriff wurde präzisiert, die Abgrenzung der sozialversicherungspflichtigen Beschäftigung überprüft und um weitere Personengruppen ergänzt.
B13: Die Beschäftigungsdaten wurden rückwirkend ab 1999 revidiert. Dadurch wird eine Vergleichbarkeit der Ergebnisse im Zeitverlauf ermöglicht. Auf den Bestand der Beschäftigten wirken sich vor allem die neu hinzugekommenen Personengruppen aus, während für die begonnenen und beendeten Beschäftigungsverhältnisse größtenteils der verfeinerte Datenabgriff den Unterschied zu den bisherigen Ergebnissen erklärt.
B14: Die Revision führte durch die Einbeziehung weiterer Personengruppen zu einer Erhöhung des Bestands. Die neu hinzugekommenen Beschäftigten in Werkstätten für behinderte Menschen wirken sich vor allem auf den Wirtschaftsabschnitt „Q Gesundheits- und Sozialwesen“ aus. Für diese Personengruppe liegen ab dem Meldezeitraum Dezember 2014 Informationen zur ausgeübten Tätigkeit vor. In der Statistik nehmen daher bei den 6-Monatswerten ab Juli 2014 die fehlenden Angaben zur Tätigkeit sukzessive ab. Die Erweiterung um Personen, die ein freiwilliges soziales oder ökologisches Jahr oder einen Bundesfreiwilligendienst leisten, spiegelt sich vor allem im Berufsbereich „Gesundheit, Soziales, Lehre und Erziehung“ wider. Weiterführende Informationen siehe Methodenbericht:
B15: Beschäftigungsstatistik Revision 2014

Sheet Hinweise_SvB_GB
A1: Beschäftigungsstatistik
B2: Stand: 31.07.2025
B4: Methodische Hinweise zu sozialversicherungspflichtig und geringfügig Beschäftigten
B5: Grundlage der Statistik bildet das Meldeverfahren zur Sozialversicherung, in das alle Arbeitnehmer (einschließlich der zu ihrer Berufsausbildung Beschäftigten) einbezogen sind, die der Kranken- oder Rentenversicherungspflicht oder der Versicherungspflicht nach dem SGB III unterliegen. Auf Basis der Meldungen zur Sozialversicherung durch die Betriebe wird monatlich (stichtagsbezogen) mit 6 Monaten Wartezeit der Bestand an sozialversicherungspflichtig und geringfügig Beschäftigten ermittelt.
B6: Sozialversicherungspflichtig Beschäftigte umfassen alle Arbeitnehmer, die kranken-, renten-, pflegeversicherungspflichtig und/oder beitragspflichtig nach dem Recht der Arbeitsförderung sind oder für die Beitragsanteile zur gesetzlichen Rentenversicherung oder nach dem Recht der Arbeitsförderung zu zahlen sind. Dazu gehören insbesondere auch Auszubildende, Altersteilzeitbeschäftigte, Praktikanten, Werkstudenten und Personen, die aus einem sozialversicherungspflichtigen Beschäftigungsverhältnis zur Ableistung von gesetzlichen Dienstpflichten (z. B. Wehrübung) einberufen werden. Nicht zu den sozialversicherungspflichtig Beschäftigten zählen dagegen Beamte, Selbstständige, mithelfende Familienangehörige, Berufs- und Zeitsoldaten, sowie Wehr- und Zivildienstleistende (siehe o. g. Ausnahme).
B7: Als Midijobs bezeichnet man Beschäftigungsverhältnisse mit einem Arbeitsentgelt im Übergangsbereich (vor dem 01.07.2019 wurde dieser Gleitzone genannt).
B8: Der Übergangsbereich für Midijobs wird regelmäßig vom Gesetzgeber angepasst:
B11: Um Midijobber im Übergangsbereich als Geringverdiener zu entlasten, resultieren die Arbeitnehmeranteile aus einer reduzierten Bemessungsgrundlage. Bis zum 30.06.2019 führte die Reduzierung der Arbeitnehmerbeiträge zur Rentenversicherung bei Midijobs auch zu geminderten Rentenansprüchen, es sei denn, der Beschäftigte hat auf die Anwendung der Gleitzonenregelung in der Rentenversicherung ausdrücklich verzichtet. Dies ist im Übergangsbereich seit dem 01.07.2019 nicht mehr der Fall. Die verminderte Beitragsbemessungsgrundlage spielt für die Entgeltpunkte in der Rentenversicherung keine Rolle mehr. Damit entfällt auch die Notwendigkeit für Arbeitnehmer, auf die Anwendung der Gleitzone in der Rentenversicherung zu verzichten, um Rentennachteile zu vermeiden.
B12: In der Statistik über Midijobs wird unterschieden nach: - Monatliches Arbeitsentgelt liegt durchgehend innerhalb des Übergangsbereichs. - Monatliches Arbeitsentgelt liegt sowohl innerhalb als auch außerhalb des Übergangsbereichs („Mischfälle“). Auswertungen zu den Midijobs können nicht quartalsweise, sondern nur zum Stichtag 31.12. vorgenommen werden. Nur für diesen Stichtag liegen weitgehend vollzählige Angaben über Beschäftigungen im Übergangsbereich vor. Auswertungen zu den Midijobs liegen ab dem Stichtag 31.12.2003 vor.
B14: Zu den geringfügigen Beschäftigungsverhältnissen zählen Arbeitsverhältnisse mit einem niedrigen Lohn (geringfügig entlohnte Beschäftigung) oder mit einer kurzen Dauer (kurzfristige Beschäftigung). Beide werden auch als "Minijob" bezeichnet.
B15: Eine geringfügig entlohnte Beschäftigung nach § 8 Abs. 1 Nr. 1 SGB IV liegt vor, wenn das Arbeitsentgelt aus dieser Beschäftigung (§ 14 SGB IV) regelmäßig im Monat die Geringfügigkeitsgrenze nicht überschreitet.
B17: Regelmäßig bedeutet, dass, wenn die Grenze nur gelegentlich und nicht vorhersehbar überschritten wird, trotzdem eine geringfügig entlohnte Beschäftigung vorliegt. Eine Berichterstattung der ausschließlich geringfügig entlohnten Beschäftigten erfolgt seit dem Stichtag 30.06.1999, geringfügig entlohnte Beschäftigte im Nebenjob können ab dem Stichtag 30.06.2003 ausgewertet werden.
B19: Auch die Minijob-Zentrale der Deutschen Rentenversicherung Knappschaft-Bahn-See veröffentlicht Daten über geringfügig entlohnte Beschäftigte im Rahmen eines vierteljährlichen Geschäftsberichts. Diese Daten stellen keine amtliche Statistik dar und sind nicht geeignet, statistische Aussagen über die Entwicklung der Arbeitsmarkt- und Beschäftigungssituation in Deutschland zu treffen. Ebenso wenig sind sie eine verlässliche Grundlage für Erwerbstätigenrechnungen oder Volkswirtschaftliche Gesamtrechnungen (VGR). Sie liefern vielmehr Informationen über die Geschäftsprozesse der Minijob-Zentrale; es handelt sich somit um Geschäftsdaten. Daher sind die Daten auch nicht mit den statistischen Daten der BA, welche die amtliche Statistik über geringfügig entlohnte Beschäftigte führt, vergleichbar.
... B30: Qualitaetsbericht-Statistik-Beschaeftigung.pdf

Sheet Daten_Diagramme
A2: Diagramm
B4: Balken | D4: Beschriftung 1 | F4: Beschriftung 2 | H4: Werte 2 | J4: Werte Trennlinie
B5: SvB | C5: GeB | D5: SvB | E5: GeB | F5: SvB | G5: GeB | H5: SvB | I5: GeB | J5: SvB y-Wert | K5: SvB x-Wert | L5: GeB y-Wert | M5: GeB x-Wert | N5: Position y-Wert
A6: Kreis | B6: ='Tabelle 2.3'!J11 -> -0.82139013 | C6: ='Tabelle 3.3'!J11 -> 2.4929528 | D6: =IF(OR(AND(B6>=-50,B6<=50),ISNUMBER(B6)=FALSE),B6,"") -> -0.82139013 | E6: =IF(OR(AND(C6>=-50,C6<=50),ISNUMBER(C6)=FALSE),C6,"") -> 2.4929528 | F6: =IF(ISNUMBER(B6)=FALSE,"",IF(B6<-50,"< -50",IF(B6>50,"> 50",""))) | G6: =IF(ISNUMBER(C6)=FALSE,"",IF(C6<-50,"< -50",IF(C6>50,"> 50",""))) | H6: =IF(B6<-50,0.75,IF(B6>50,-0.75,"")) | I6: =IF(C6<-50,0.75,IF(C6>50,-0.75,"")) | J6: =IF(OR(B6<-50,B6>50),N6,#N/A) -> #N/A | K6: =IF(B6<-50,-45,IF(B6>50,45,#N/A)) -> #N/A | L6: =IF(OR(C6<-50,C6>50),N6,#N/A) -> #N/A | M6: =IF(C6<-50,-45,IF(C6>50,45,#N/A)) -> #N/A | N6: 5
A7: BL | B7: ='Tabelle 2.1'!J25 -> -0.75945086 | C7: ='Tabelle 3.1'!J23 -> 0.8721959 | D7: =IF(OR(AND(B7>=-50,B7<=50),ISNUMBER(B7)=FALSE),B7,"") -> -0.75945086 | E7: =IF(OR(AND(C7>=-50,C7<=50),ISNUMBER(C7)=FALSE),C7,"") -> 0.8721959 | F7: =IF(ISNUMBER(B7)=FALSE,"",IF(B7<-50,"< -50",IF(B7>50,"> 50",""))) | G7: =IF(ISNUMBER(C7)=FALSE,"",IF(C7<-50,"< -50",IF(C7>50,"> 50",""))) | H7: =IF(B7<-50,0.75,IF(B7>50,-0.75,"")) | I7: =IF(C7<-50,0.75,IF(C7>50,-0.75,"")) | J7: =IF(OR(B7<-50,B7>50),N7,#N/A) -> #N/A | K7: =IF(B7<-50,-45,IF(B7>50,45,#N/A)) -> #N/A | L7: =IF(OR(C7<-50,C7>50),N7,#N/A) -> #N/A | M7: =IF(C7<-50,-45,IF(C7>50,45,#N/A)) -> #N/A | N7: 15
A8: W/O | B8: ='Tabelle 2.1'!J38 -> -0.44334141 | C8: ='Tabelle 3.1'!J34 -> 1.0909095 | D8: =IF(OR(AND(B8>=-50,B8<=50),ISNUMBER(B8)=FALSE),B8,"") -> -0.44334141 | E8: =IF(OR(AND(C8>=-50,C8<=50),ISNUMBER(C8)=FALSE),C8,"") -> 1.0909095 | F8: =IF(ISNUMBER(B8)=FALSE,"",IF(B8<-50,"< -50",IF(B8>50,"> 50",""))) | G8: =IF(ISNUMBER(C8)=FALSE,"",IF(C8<-50,"< -50",IF(C8>50,"> 50",""))) | H8: =IF(B8<-50,0.75,IF(B8>50,-0.75,"")) | I8: =IF(C8<-50,0.75,IF(C8>50,-0.75,"")) | J8: =IF(OR(B8<-50,B8>50),N8,#N/A) -> #N/A | K8: =IF(B8<-50,-45,IF(B8>50,45,#N/A)) -> #N/A | L8: =IF(OR(C8<-50,C8>50),N8,#N/A) -> #N/A | M8: =IF(C8<-50,-45,IF(C8>50,45,#N/A)) -> #N/A | N8: 25
A9: D | B9: ='Tabelle 2.1'!J51 -> 0.13889215 | C9: ='Tabelle 3.1'!J45 -> -0.13951042 | D9: =IF(OR(AND(B9>=-50,B9<=50),ISNUMBER(B9)=FALSE),B9,"") -> 0.13889215 | E9: =IF(OR(AND(C9>=-50,C9<=50),ISNUMBER(C9)=FALSE),C9,"") -> -0.13951042 | F9: =IF(ISNUMBER(B9)=FALSE,"",IF(B9<-50,"< -50",IF(B9>50,"> 50",""))) | G9: =IF(ISNUMBER(C9)=FALSE,"",IF(C9<-50,"< -50",IF(C9>50,"> 50",""))) | H9: =IF(B9<-50,0.75,IF(B9>50,-0.75,"")) | I9: =IF(C9<-50,0.75,IF(C9>50,-0.75,"")) | J9: =IF(OR(B9<-50,B9>50),N9,#N/A) -> #N/A | K9: =IF(B9<-50,-45,IF(B9>50,45,#N/A)) -> #N/A | L9: =IF(OR(C9<-50,C9>50),N9,#N/A) -> #N/A | M9: =IF(C9<-50,-45,IF(C9>50,45,#N/A)) -> #N/A | N9: 35
A12: WZ | B12: Balken | D12: Beschriftung 1 | F12: Beschriftung 2 | H12: Werte 2 | J12: Werte Trennlinie
B13: SvB | C13: GeB | D13: SvB | E13: GeB | F13: SvB | G13: GeB | H13: SvB | I13: GeB | J13: SvB y-Wert | K13: SvB x-Wert | L13: GeB y-Wert | M13: GeB x-Wert | N13: Position y-Wert
A14: 1 | B14: ='Tabelle 2.3'!J11 -> -0.82139013 | C14: ='Tabelle 3.3'!J11 -> 2.4929528 | D14: =IF(OR(AND(B14>=-50,B14<=50),ISNUMBER(B14)=FALSE),B14,"") -> -0.82139013 | E14: =IF(OR(AND(C14>=-50,C14<=50),ISNUMBER(C14)=FALSE),C14,"") -> 2.4929528 | F14: =IF(ISNUMBER(B14)=FALSE,"",IF(B14<-50,"< -50",IF(B14>50,"> 50",""))) | G14: =IF(ISNUMBER(C14)=FALSE,"",IF(C14<-50,"< -50",IF(C14>50,"> 50",""))) | H14: =IF(B14<-50,0.75,IF(B14>50,-0.75,"")) | I14: =IF(C14<-50,0.75,IF(C14>50,-0.75,"")) | J14: =IF(OR(B14<-50,B14>50),N14,#N/A) -> #N/A | K14: =IF(B14<-50,-45,IF(B14>50,45,#N/A)) -> #N/A | L14: =IF(OR(C14<-50,C14>50),N14,#N/A) -> #N/A | M14: =IF(C14<-50,-45,IF(C14>50,45,#N/A)) -> #N/A | N14: 5
A15: 2 | B15: ='Tabelle 2.3'!J12 -> -1.1543135 | C15: ='Tabelle 3.3'!J12 -> -6.8111455 | D15: =IF(OR(AND(B15>=-50,B15<=50),ISNUMBER(B15)=FALSE),B15,"") -> -1.1543135 | E15: =IF(OR(AND(C15>=-50,C15<=50),ISNUMBER(C15)=FALSE),C15,"") -> -6.8111455 | F15: =IF(ISNUMBER(B15)=FALSE,"",IF(B15<-50,"< -50",IF(B15>50,"> 50",""))) | G15: =IF(ISNUMBER(C15)=FALSE,"",IF(C15<-50,"< -50",IF(C15>50,"> 50",""))) | H15: =IF(B15<-50,0.75,IF(B15>50,-0.75,"")) | I15: =IF(C15<-50,0.75,IF(C15>50,-0.75,"")) | J15: =IF(OR(B15<-50,B15>50),N15,#N/A) -> #N/A | K15: =IF(B15<-50,-45,IF(B15>50,45,#N/A)) -> #N/A | L15: =IF(OR(C15<-50,C15>50),N15,#N/A) -> #N/A | M15: =IF(C15<-50,-45,IF(C15>50,45,#N/A)) -> #N/A | N15: 15
A16: 3 | B16: ='Tabelle 2.3'!J13 -> -1.9601217 | C16: ='Tabelle 3.3'!J13 -> -13.483146 | D16: =IF(OR(AND(B16>=-50,B16<=50),ISNUMBER(B16)=FALSE),B16,"") -> -1.9601217 | E16: =IF(OR(AND(C16>=-50,C16<=50),ISNUMBER(C16)=FALSE),C16,"") -> -13.483146 | F16: =IF(ISNUMBER(B16)=FALSE,"",IF(B16<-50,"< -50",IF(B16>50,"> 50",""))) | G16: =IF(ISNUMBER(C16)=FALSE,"",IF(C16<-50,"< -50",IF(C16>50,"> 50",""))) | H16: =IF(B16<-50,0.75,IF(B16>50,-0.75,"")) | I16: =IF(C16<-50,0.75,IF(C16>50,-0.75,"")) | J16: =IF(OR(B16<-50,B16>50),N16,#N/A) -> #N/A | K16: =IF(B16<-50,-45,IF(B16>50,45,#N/A)) -> #N/A | L16: =IF(OR(C16<-50,C16>50),N16,#N/A) -> #N/A | M16: =IF(C16<-50,-45,IF(C16>50,45,#N/A)) -> #N/A | N16: 25
A17: 4 | B17: ='Tabelle 2.3'!J14 -> -0.35607101 | C17: ='Tabelle 3.3'!J14 -> 1.0752688 | D17: =IF(OR(AND(B17>=-50,B17<=50),ISNUMBER(B17)=FALSE),B17,"") -> -0.35607101 | E17: =IF(OR(AND(C17>=-50,C17<=50),ISNUMBER(C17)=FALSE),C17,"") -> 1.0752688 | F17: =IF(ISNUMBER(B17)=FALSE,"",IF(B17<-50,"< -50",IF(B17>50,"> 50",""))) | G17: =IF(ISNUMBER(C17)=FALSE,"",IF(C17<-50,"< -50",IF(C17>50,"> 50",""))) | H17: =IF(B17<-50,0.75,IF(B17>50,-0.75,"")) | I17: =IF(C17<-50,0.75,IF(C17>50,-0.75,"")) | J17: =IF(OR(B17<-50,B17>50),N17,#N/A) -> #N/A | K17: =IF(B17<-50,-45,IF(B17>50,45,#N/A)) -> #N/A | L17: =IF(OR(C17<-50,C17>50),N17,#N/A) -> #N/A | M17: =IF(C17<-50,-45,IF(C17>50,45,#N/A)) -> #N/A | N17: 36
A18: 5 | B18: ='Tabelle 2.3'!J15 -> 1.2391208 | C18: ='Tabelle 3.3'!J15 -> 2.2522523 | D18: =IF(OR(AND(B18>=-50,B18<=50),ISNUMBER(B18)=FALSE),B18,"") -> 1.2391208 | E18: =IF(OR(AND(C18>=-50,C18<=50),ISNUMBER(C18)=FALSE),C18,"") -> 2.2522523 | F18: =IF(ISNUMBER(B18)=FALSE,"",IF(B18<-50,"< -50",IF(B18>50,"> 50",""))) | G18: =IF(ISNUMBER(C18)=FALSE,"",IF(C18<-50,"< -50",IF(C18>50,"> 50",""))) | H18: =IF(B18<-50,0.75,IF(B18>50,-0.75,"")) | I18: =IF(C18<-50,0.75,IF(C18>50,-0.75,"")) | J18: =IF(OR(B18<-50,B18>50),N18,#N/A) -> #N/A | K18: =IF(B18<-50,-45,IF(B18>50,45,#N/A)) -> #N/A | L18: =IF(OR(C18<-50,C18>50),N18,#N/A) -> #N/A | M18: =IF(C18<-50,-45,IF(C18>50,45,#N/A)) -> #N/A | N18: 46
A19: 6 | B19: ='Tabelle 2.3'!J16 -> -0.87299052 | C19: ='Tabelle 3.3'!J16 -> 1.6 | D19: =IF(OR(AND(B19>=-50,B19<=50),ISNUMBER(B19)=FALSE),B19,"") -> -0.87299052 | E19: =IF(OR(AND(C19>=-50,C19<=50),ISNUMBER(C19)=FALSE),C19,"") -> 1.6 | F19: =IF(ISNUMBER(B19)=FALSE,"",IF(B19<-50,"< -50",IF(B19>50,"> 50",""))) | G19: =IF(ISNUMBER(C19)=FALSE,"",IF(C19<-50,"< -50",IF(C19>50,"> 50",""))) | H19: =IF(B19<-50,0.75,IF(B19>50,-0.75,"")) | I19: =IF(C19<-50,0.75,IF(C19>50,-0.75,"")) | J19: =IF(OR(B19<-50,B19>50),N19,#N/A) -> #N/A | K19: =IF(B19<-50,-45,IF(B19>50,45,#N/A)) -> #N/A | L19: =IF(OR(C19<-50,C19>50),N19,#N/A) -> #N/A | M19: =IF(C19<-50,-45,IF(C19>50,45,#N/A)) -> #N/A | N19: 56
A20: 7 | B20: ='Tabelle 2.3'!J17 -> -2.0648122 | C20: ='Tabelle 3.3'!J17 -> -5.4054054 | D20: =IF(OR(AND(B20>=-50,B20<=50),ISNUMBER(B20)=FALSE),B20,"") -> -2.0648122 | E20: =IF(OR(AND(C20>=-50,C20<=50),ISNUMBER(C20)=FALSE),C20,"") -> -5.4054054 | F20: =IF(ISNUMBER(B20)=FALSE,"",IF(B20<-50,"< -50",IF(B20>50,"> 50",""))) | G20: =IF(ISNUMBER(C20)=FALSE,"",IF(C20<-50,"< -50",IF(C20>50,"> 50",""))) | H20: =IF(B20<-50,0.75,IF(B20>50,-0.75,"")) | I20: =IF(C20<-50,0.75,IF(C20>50,-0.75,"")) | J20: =IF(OR(B20<-50,B20>50),N20,#N/A) -> #N/A | K20: =IF(B20<-50,-45,IF(B20>50,45,#N/A)) -> #N/A | L20: =IF(OR(C20<-50,C20>50),N20,#N/A) -> #N/A | M20: =IF(C20<-50,-45,IF(C20>50,45,#N/A)) -> #N/A | N20: 67
A21: 8 | B21: ='Tabelle 2.3'!J18 -> -2.5614578 | C21: ='Tabelle 3.3'!J18 -> 3.8961039 | D21: =IF(OR(AND(B21>=-50,B21<=50),ISNUMBER(B21)=FALSE),B21,"") -> -2.5614578 | E21: =IF(OR(AND(C21>=-50,C21<=50),ISNUMBER(C21)=FALSE),C21,"") -> 3.8961039 | F21: =IF(ISNUMBER(B21)=FALSE,"",IF(B21<-50,"< -50",IF(B21>50,"> 50",""))) | G21: =IF(ISNUMBER(C21)=FALSE,"",IF(C21<-50,"< -50",IF(C21>50,"> 50",""))) | H21: =IF(B21<-50,0.75,IF(B21>50,-0.75,"")) | I21: =IF(C21<-50,0.75,IF(C21>50,-0.75,"")) | J21: =IF(OR(B21<-50,B21>50),N21,#N/A) -> #N/A | K21: =IF(B21<-50,-45,IF(B21>50,45,#N/A)) -> #N/A | L21: =IF(OR(C21<-50,C21>50),N21,#N/A) -> #N/A | M21: =IF(C21<-50,-45,IF(C21>50,45,#N/A)) -> #N/A | N21: 77
A22: 9 | B22: ='Tabelle 2.3'!J19 -> -2.8522988 | C22: ='Tabelle 3.3'!J19 -> 2.8385571 | D22: =IF(OR(AND(B22>=-50,B22<=50),ISNUMBER(B22)=FALSE),B22,"") -> -2.8522988 | E22: =IF(OR(AND(C22>=-50,C22<=50),ISNUMBER(C22)=FALSE),C22,"") -> 2.8385571 | F22: =IF(ISNUMBER(B22)=FALSE,"",IF(B22<-50,"< -50",IF(B22>50,"> 50",""))) | G22: =IF(ISNUMBER(C22)=FALSE,"",IF(C22<-50,"< -50",IF(C22>50,"> 50",""))) | H22: =IF(B22<-50,0.75,IF(B22>50,-0.75,"")) | I22: =IF(C22<-50,0.75,IF(C22>50,-0.75,"")) | J22: =IF(OR(B22<-50,B22>50),N22,#N/A) -> #N/A | K22: =IF(B22<-50,-45,IF(B22>50,45,#N/A)) -> #N/A | L22: =IF(OR(C22<-50,C22>50),N22,#N/A) -> #N/A | M22: =IF(C22<-50,-45,IF(C22>50,45,#N/A)) -> #N/A | N22: 87
A23: 10 | B23: ='Tabelle 2.3'!J20 -> -5.8842239 | C23: ='Tabelle 3.3'!J20 -> 1.9379845 | D23: =IF(OR(AND(B23>=-50,B23<=50),ISNUMBER(B23)=FALSE),B23,"") -> -5.8842239 | E23: =IF(OR(AND(C23>=-50,C23<=50),ISNUMBER(C23)=FALSE),C23,"") -> 1.9379845 | F23: =IF(ISNUMBER(B23)=FALSE,"",IF(B23<-50,"< -50",IF(B23>50,"> 50",""))) | G23: =IF(ISNUMBER(C23)=FALSE,"",IF(C23<-50,"< -50",IF(C23>50,"> 50",""))) | H23: =IF(B23<-50,0.75,IF(B23>50,-0.75,"")) | I23: =IF(C23<-50,0.75,IF(C23>50,-0.75,"")) | J23: =IF(OR(B23<-50,B23>50),N23,#N/A) -> #N/A | K23: =IF(B23<-50,-45,IF(B23>50,45,#N/A)) -> #N/A | L23: =IF(OR(C23<-50,C23>50),N23,#N/A) -> #N/A | M23: =IF(C23<-50,-45,IF(C23>50,45,#N/A)) -> #N/A | N23: 98
A24: 11 | B24: ='Tabelle 2.3'!J21 -> -2.0643807 | C24: ='Tabelle 3.3'!J21 -> 7.9303675 | D24: =IF(OR(AND(B24>=-50,B24<=50),ISNUMBER(B24)=FALSE),B24,"") -> -2.0643807 | E24: =IF(OR(AND(C24>=-50,C24<=50),ISNUMBER(C24)=FALSE),C24,"") -> 7.9303675 | F24: =IF(ISNUMBER(B24)=FALSE,"",IF(B24<-50,"< -50",IF(B24>50,"> 50",""))) | G24: =IF(ISNUMBER(C24)=FALSE,"",IF(C24<-50,"< -50",IF(C24>50,"> 50",""))) | H24: =IF(B24<-50,0.75,IF(B24>50,-0.75,"")) | I24: =IF(C24<-50,0.75,IF(C24>50,-0.75,"")) | J24: =IF(OR(B24<-50,B24>50),N24,#N/A) -> #N/A | K24: =IF(B24<-50,-45,IF(B24>50,45,#N/A)) -> #N/A | L24: =IF(OR(C24<-50,C24>50),N24,#N/A) -> #N/A | M24: =IF(C24<-50,-45,IF(C24>50,45,#N/A)) -> #N/A | N24: 108
A25: 12 | B25: ='Tabelle 2.3'!J22 -> -4.7735618 | C25: ='Tabelle 3.3'!J22 -> -0.81967213 | D25: =IF(OR(AND(B25>=-50,B25<=50),ISNUMBER(B25)=FALSE),B25,"") -> -4.7735618 | E25: =IF(OR(AND(C25>=-50,C25<=50),ISNUMBER(C25)=FALSE),C25,"") -> -0.81967213 | F25: =IF(ISNUMBER(B25)=FALSE,"",IF(B25<-50,"< -50",IF(B25>50,"> 50",""))) | G25: =IF(ISNUMBER(C25)=FALSE,"",IF(C25<-50,"< -50",IF(C25>50,"> 50",""))) | H25: =IF(B25<-50,0.75,IF(B25>50,-0.75,"")) | I25: =IF(C25<-50,0.75,IF(C25>50,-0.75,"")) | J25: =IF(OR(B25<-50,B25>50),N25,#N/A) -> #N/A | K25: =IF(B25<-50,-45,IF(B25>50,45,#N/A)) -> #N/A | L25: =IF(OR(C25<-50,C25>50),N25,#N/A) -> #N/A | M25: =IF(C25<-50,-45,IF(C25>50,45,#N/A)) -> #N/A | N25: 118
... A36: 23 | B36: ='Tabelle 2.3'!J33 -> 0 | C36: ='Tabelle 3.3'!J33 -> 0 | D36: =IF(OR(AND(B36>=-50,B36<=50),ISNUMBER(B36)=FALSE),B36,"") -> 0 | E36: =IF(OR(AND(C36>=-50,C36<=50),ISNUMBER(C36)=FALSE),C36,"") -> 0 | F36: =IF(ISNUMBER(B36)=FALSE,"",IF(B36<-50,"< -50",IF(B36>50,"> 50",""))) | G36: =IF(ISNUMBER(C36)=FALSE,"",IF(C36<-50,"< -50",IF(C36>50,"> 50",""))) | H36: =IF(B36<-50,0.75,IF(B36>50,-0.75,"")) | I36: =IF(C36<-50,0.75,IF(C36>50,-0.75,"")) | J36: =IF(OR(B36<-50,B36>50),N36,#N/A) -> #N/A | K36: =IF(B36<-50,-45,IF(B36>50,45,#N/A)) -> #N/A | L36: =IF(OR(C36<-50,C36>50),N36,#N/A) -> #N/A | M36: =IF(C36<-50,-45,IF(C36>50,45,#N/A)) -> #N/A | N36: 232
A37: 24 | D37: =IF(OR(AND(B37>=-50,B37<=50),ISNUMBER(B37)=FALSE),B37,"") -> 0 | E37: =IF(OR(AND(C37>=-50,C37<=50),ISNUMBER(C37)=FALSE),C37,"") -> 0
A38: 25 | B38: ='Tabelle 2.3'!J35 -> -1.1543135 | C38: ='Tabelle 3.3'!J35 -> -6.8111455 | D38: =IF(OR(AND(B38>=-50,B38<=50),ISNUMBER(B38)=FALSE),B38,"") -> -1.1543135 | E38: =IF(OR(AND(C38>=-50,C38<=50),ISNUMBER(C38)=FALSE),C38,"") -> -6.8111455 | F38: =IF(ISNUMBER(B38)=FALSE,"",IF(B38<-50,"< -50",IF(B38>50,"> 50",""))) | G38: =IF(ISNUMBER(C38)=FALSE,"",IF(C38<-50,"< -50",IF(C38>50,"> 50",""))) | H38: =IF(B38<-50,0.75,IF(B38>50,-0.75,"")) | I38: =IF(C38<-50,0.75,IF(C38>50,-0.75,"")) | J38: =IF(OR(B38<-50,B38>50),N38,#N/A) -> #N/A | K38: =IF(B38<-50,-45,IF(B38>50,45,#N/A)) -> #N/A | L38: =IF(OR(C38<-50,C38>50),N38,#N/A) -> #N/A | M38: =IF(C38<-50,-45,IF(C38>50,45,#N/A)) -> #N/A | N38: 242
A39: 26 | B39: ='Tabelle 2.3'!J36 -> -0.97415157 | C39: ='Tabelle 3.3'!J36 -> 1.5651202 | D39: =IF(OR(AND(B39>=-50,B39<=50),ISNUMBER(B39)=FALSE),B39,"") -> -0.97415157 | E39: =IF(OR(AND(C39>=-50,C39<=50),ISNUMBER(C39)=FALSE),C39,"") -> 1.5651202 | F39: =IF(ISNUMBER(B39)=FALSE,"",IF(B39<-50,"< -50",IF(B39>50,"> 50",""))) | G39: =IF(ISNUMBER(C39)=FALSE,"",IF(C39<-50,"< -50",IF(C39>50,"> 50",""))) | H39: =IF(B39<-50,0.75,IF(B39>50,-0.75,"")) | I39: =IF(C39<-50,0.75,IF(C39>50,-0.75,"")) | J39: =IF(OR(B39<-50,B39>50),N39,#N/A) -> #N/A | K39: =IF(B39<-50,-45,IF(B39>50,45,#N/A)) -> #N/A | L39: =IF(OR(C39<-50,C39>50),N39,#N/A) -> #N/A | M39: =IF(C39<-50,-45,IF(C39>50,45,#N/A)) -> #N/A | N39: 253
A40: 27 | B40: ='Tabelle 2.3'!J37 -> -0.7373161 | C40: ='Tabelle 3.3'!J37 -> 2.9978355 | D40: =IF(OR(AND(B40>=-50,B40<=50),ISNUMBER(B40)=FALSE),B40,"") -> -0.7373161 | E40: =IF(OR(AND(C40>=-50,C40<=50),ISNUMBER(C40)=FALSE),C40,"") -> 2.9978355 | F40: =IF(ISNUMBER(B40)=FALSE,"",IF(B40<-50,"< -50",IF(B40>50,"> 50",""))) | G40: =IF(ISNUMBER(C40)=FALSE,"",IF(C40<-50,"< -50",IF(C40>50,"> 50",""))) | H40: =IF(B40<-50,0.75,IF(B40>50,-0.75,"")) | I40: =IF(C40<-50,0.75,IF(C40>50,-0.75,"")) | J40: =IF(OR(B40<-50,B40>50),N40,#N/A) -> #N/A | K40: =IF(B40<-50,-45,IF(B40>50,45,#N/A)) -> #N/A | L40: =IF(OR(C40<-50,C40>50),N40,#N/A) -> #N/A | M40: =IF(C40<-50,-45,IF(C40>50,45,#N/A)) -> #N/A | N40: 263
A41: 28 | B41: ='Tabelle 2.3'!#REF! -> #REF! | C41: ='Tabelle 3.3'!#REF! -> #REF! | D41: =IF(OR(AND(B41>=-50,B41<=50),ISNUMBER(B41)=FALSE),B41,"") -> #REF! | E41: =IF(OR(AND(C41>=-50,C41<=50),ISNUMBER(C41)=FALSE),C41,"") -> #REF! | F41: =IF(ISNUMBER(B41)=FALSE,"",IF(B41<-50,"< -50",IF(B41>50,"> 50",""))) | G41: =IF(ISNUMBER(C41)=FALSE,"",IF(C41<-50,"< -50",IF(C41>50,"> 50",""))) | H41: =IF(B41<-50,0.75,IF(B41>50,-0.75,"")) -> #REF! | I41: =IF(C41<-50,0.75,IF(C41>50,-0.75,"")) -> #REF! | J41: =IF(OR(B41<-50,B41>50),N41,#N/A) -> #REF! | K41: =IF(B41<-50,-45,IF(B41>50,45,#N/A)) -> #REF! | L41: =IF(OR(C41<-50,C41>50),N41,#N/A) -> #REF! | M41: =IF(C41<-50,-45,IF(C41>50,45,#N/A)) -> #REF! | N41: 273
A42: 29 | B42: ='Tabelle 2.3'!#REF! -> #REF! | C42: ='Tabelle 3.3'!#REF! -> #REF! | D42: =IF(OR(AND(B42>=-50,B42<=50),ISNUMBER(B42)=FALSE),B42,"") -> #REF! | E42: =IF(OR(AND(C42>=-50,C42<=50),ISNUMBER(C42)=FALSE),C42,"") -> #REF! | F42: =IF(ISNUMBER(B42)=FALSE,"",IF(B42<-50,"< -50",IF(B42>50,"> 50",""))) | G42: =IF(ISNUMBER(C42)=FALSE,"",IF(C42<-50,"< -50",IF(C42>50,"> 50",""))) | H42: =IF(B42<-50,0.75,IF(B42>50,-0.75,"")) -> #REF! | I42: =IF(C42<-50,0.75,IF(C42>50,-0.75,"")) -> #REF! | J42: =IF(OR(B42<-50,B42>50),N42,#N/A) -> #REF! | K42: =IF(B42<-50,-45,IF(B42>50,45,#N/A)) -> #REF! | L42: =IF(OR(C42<-50,C42>50),N42,#N/A) -> #REF! | M42: =IF(C42<-50,-45,IF(C42>50,45,#N/A)) -> #REF! | N42: 284
A43: 30 | B43: ='Tabelle 2.3'!#REF! -> #REF! | C43: ='Tabelle 3.3'!#REF! -> #REF! | D43: =IF(OR(AND(B43>=-50,B43<=50),ISNUMBER(B43)=FALSE),B43,"") -> #REF! | E43: =IF(OR(AND(C43>=-50,C43<=50),ISNUMBER(C43)=FALSE),C43,"") -> #REF! | F43: =IF(ISNUMBER(B43)=FALSE,"",IF(B43<-50,"< -50",IF(B43>50,"> 50",""))) | G43: =IF(ISNUMBER(C43)=FALSE,"",IF(C43<-50,"< -50",IF(C43>50,"> 50",""))) | H43: =IF(B43<-50,0.75,IF(B43>50,-0.75,"")) -> #REF! | I43: =IF(C43<-50,0.75,IF(C43>50,-0.75,"")) -> #REF! | J43: =IF(OR(B43<-50,B43>50),N43,#N/A) -> #REF! | K43: =IF(B43<-50,-45,IF(B43>50,45,#N/A)) -> #REF! | L43: =IF(OR(C43<-50,C43>50),N43,#N/A) -> #REF! | M43: =IF(C43<-50,-45,IF(C43>50,45,#N/A)) -> #REF! | N43: 294
A44: 31 | B44: ='Tabelle 2.3'!#REF! -> #REF! | C44: ='Tabelle 3.3'!#REF! -> #REF! | D44: =IF(OR(AND(B44>=-50,B44<=50),ISNUMBER(B44)=FALSE),B44,"") -> #REF! | E44: =IF(OR(AND(C44>=-50,C44<=50),ISNUMBER(C44)=FALSE),C44,"") -> #REF! | F44: =IF(ISNUMBER(B44)=FALSE,"",IF(B44<-50,"< -50",IF(B44>50,"> 50",""))) | G44: =IF(ISNUMBER(C44)=FALSE,"",IF(C44<-50,"< -50",IF(C44>50,"> 50",""))) | H44: =IF(B44<-50,0.75,IF(B44>50,-0.75,"")) -> #REF! | I44: =IF(C44<-50,0.75,IF(C44>50,-0.75,"")) -> #REF! | J44: =IF(OR(B44<-50,B44>50),N44,#N/A) -> #REF! | K44: =IF(B44<-50,-45,IF(B44>50,45,#N/A)) -> #REF! | L44: =IF(OR(C44<-50,C44>50),N44,#N/A) -> #REF! | M44: =IF(C44<-50,-45,IF(C44>50,45,#N/A)) -> #REF! | N44: 304
A45: 32 | B45: ='Tabelle 2.3'!#REF! -> #REF! | C45: ='Tabelle 3.3'!#REF! -> #REF! | D45: =IF(OR(AND(B45>=-50,B45<=50),ISNUMBER(B45)=FALSE),B45,"") -> #REF! | E45: =IF(OR(AND(C45>=-50,C45<=50),ISNUMBER(C45)=FALSE),C45,"") -> #REF! | F45: =IF(ISNUMBER(B45)=FALSE,"",IF(B45<-50,"< -50",IF(B45>50,"> 50",""))) | G45: =IF(ISNUMBER(C45)=FALSE,"",IF(C45<-50,"< -50",IF(C45>50,"> 50",""))) | H45: =IF(B45<-50,0.75,IF(B45>50,-0.75,"")) -> #REF! | I45: =IF(C45<-50,0.75,IF(C45>50,-0.75,"")) -> #REF! | J45: =IF(OR(B45<-50,B45>50),N45,#N/A) -> #REF! | K45: =IF(B45<-50,-45,IF(B45>50,45,#N/A)) -> #REF! | L45: =IF(OR(C45<-50,C45>50),N45,#N/A) -> #REF! | M45: =IF(C45<-50,-45,IF(C45>50,45,#N/A)) -> #REF! | N45: 315
A46: 33 | B46: ='Tabelle 2.3'!J37 -> -0.7373161 | C46: ='Tabelle 3.3'!J37 -> 2.9978355 | D46: =IF(OR(AND(B46>=-50,B46<=50),ISNUMBER(B46)=FALSE),B46,"") -> -0.7373161 | E46: =IF(OR(AND(C46>=-50,C46<=50),ISNUMBER(C46)=FALSE),C46,"") -> 2.9978355 | F46: =IF(ISNUMBER(B46)=FALSE,"",IF(B46<-50,"< -50",IF(B46>50,"> 50",""))) | G46: =IF(ISNUMBER(C46)=FALSE,"",IF(C46<-50,"< -50",IF(C46>50,"> 50",""))) | H46: =IF(B46<-50,0.75,IF(B46>50,-0.75,"")) | I46: =IF(C46<-50,0.75,IF(C46>50,-0.75,"")) | J46: =IF(OR(B46<-50,B46>50),N46,#N/A) -> #N/A | K46: =IF(B46<-50,-45,IF(B46>50,45,#N/A)) -> #N/A | L46: =IF(OR(C46<-50,C46>50),N46,#N/A) -> #N/A | M46: =IF(C46<-50,-45,IF(C46>50,45,#N/A)) -> #N/A | N46: 325
A49: Tabelle 4
A50: Stichtag | B50: absolut | E50: Index 2003 = 100 % | H50: Beschriftung x-Achse | I50: Beschriftung Reihen | L50: keine Daten
B51: 76479 | C51: 75566 | D51: 35950 | E51: SvB | F51: GeB - ausschließlich | G51: GeB - im Nebenjob | I51: SvB | J51: GeB - ausschließlich | K51: GeB - im Nebenjob | L51: Diagrammdarstellung wegen fehlender Daten nicht möglich.
A52: Juni 2019 | B52: 86989 | C52: 8616 | D52: 3176 | E52: =IF($A$52=37802,IF(COUNTBLANK(B$52:B$71)>0,#N/A,B52/B$52*100),IF(COUNTBLANK(B$52:B$76)>0,#N/A,B52/B$52*100)) -> 100 | F52: =IF($A$52=37802,IF(COUNTBLANK(C$52:C$71)>0,#N/A,C52/C$52*100),IF(COUNTBLANK(C$52:C$76)>0,#N/A,C52/C$52*100)) -> 100 | G52: =IF($A$52=37802,IF(COUNTBLANK(D$52:D$71)>0,#N/A,D52/D$52*100),IF(COUNTBLANK(D$52:D$76)>0,#N/A,D52/D$52*100)) -> 100 | H52: =IF(ISERROR(L52)=TRUE,IF(MONTH(A52)=MONTH(MAX(A$52:A$76)),A52,""),"") | I52: =IF($H52<>"",E52,"") | J52: =IF($H52<>"",F52,"") | K52: =IF($H52<>"",G52,"") | L52: =IF(A$52=37802,IF(AND(COUNTBLANK(B$52:B$71)<>0,COUNTBLANK(C$52:C$71)<>0,COUNTBLANK(D$52:D$71)<>0),135,#N/A),IF(AND(COUNTBLANK(B$52:B$76)<>0,COUNTBLANK(C$52:C$76)<>0,COUNTBLANK(D$52:D$76)<>0),135,#N/A)) -> #N/A
A53: 43709 | B53: 88284 | C53: 8415 | D53: 3228 | E53: =IF($A$52=37802,IF(COUNTBLANK(B$52:B$71)>0,#N/A,B53/B$52*100),IF(COUNTBLANK(B$52:B$76)>0,#N/A,B53/B$52*100)) -> 101.48869 | F53: =IF($A$52=37802,IF(COUNTBLANK(C$52:C$71)>0,#N/A,C53/C$52*100),IF(COUNTBLANK(C$52:C$76)>0,#N/A,C53/C$52*100)) -> 97.667131 | G53: =IF($A$52=37802,IF(COUNTBLANK(D$52:D$71)>0,#N/A,D53/D$52*100),IF(COUNTBLANK(D$52:D$76)>0,#N/A,D53/D$52*100)) -> 101.63728 | H53: =IF(ISERROR(L53)=TRUE,IF(MONTH(A53)=MONTH(MAX(A$52:A$76)),A53,""),"") -> 43709 | I53: =IF($H53<>"",E53,"") -> 101.48869 | J53: =IF($H53<>"",F53,"") -> 97.667131 | K53: =IF($H53<>"",G53,"") -> 101.63728 | L53: =IF(A$52=37802,IF(AND(COUNTBLANK(B$52:B$71)<>0,COUNTBLANK(C$52:C$71)<>0,COUNTBLANK(D$52:D$71)<>0),135,#N/A),IF(AND(COUNTBLANK(B$52:B$76)<>0,COUNTBLANK(C$52:C$76)<>0,COUNTBLANK(D$52:D$76)<>0),135,#N/A)) -> #N/A
A54: Dezember 2019 | B54: 87371 | C54: 8412 | D54: 3225 | E54: =IF($A$52=37802,IF(COUNTBLANK(B$52:B$71)>0,#N/A,B54/B$52*100),IF(COUNTBLANK(B$52:B$76)>0,#N/A,B54/B$52*100)) -> 100.43914 | F54: =IF($A$52=37802,IF(COUNTBLANK(C$52:C$71)>0,#N/A,C54/C$52*100),IF(COUNTBLANK(C$52:C$76)>0,#N/A,C54/C$52*100)) -> 97.632312 | G54: =IF($A$52=37802,IF(COUNTBLANK(D$52:D$71)>0,#N/A,D54/D$52*100),IF(COUNTBLANK(D$52:D$76)>0,#N/A,D54/D$52*100)) -> 101.54282 | H54: =IF(ISERROR(L54)=TRUE,IF(MONTH(A54)=MONTH(MAX(A$52:A$76)),A54,""),"") | I54: =IF($H54<>"",E54,"") | J54: =IF($H54<>"",F54,"") | K54: =IF($H54<>"",G54,"") | L54: =IF(A$52=37802,IF(AND(COUNTBLANK(B$52:B$71)<>0,COUNTBLANK(C$52:C$71)<>0,COUNTBLANK(D$52:D$71)<>0),135,#N/A),IF(AND(COUNTBLANK(B$52:B$76)<>0,COUNTBLANK(C$52:C$76)<>0,COUNTBLANK(D$52:D$76)<>0),135,#N/A)) -> #N/A
A55: März 2020 | B55: 86862 | C55: 8023 | D55: 3076 | E55: =IF($A$52=37802,IF(COUNTBLANK(B$52:B$71)>0,#N/A,B55/B$52*100),IF(COUNTBLANK(B$52:B$76)>0,#N/A,B55/B$52*100)) -> 99.854005 | F55: =IF($A$52=37802,IF(COUNTBLANK(C$52:C$71)>0,#N/A,C55/C$52*100),IF(COUNTBLANK(C$52:C$76)>0,#N/A,C55/C$52*100)) -> 93.117456 | G55: =IF($A$52=37802,IF(COUNTBLANK(D$52:D$71)>0,#N/A,D55/D$52*100),IF(COUNTBLANK(D$52:D$76)>0,#N/A,D55/D$52*100)) -> 96.851385 | H55: =IF(ISERROR(L55)=TRUE,IF(MONTH(A55)=MONTH(MAX(A$52:A$76)),A55,""),"") | I55: =IF($H55<>"",E55,"") | J55: =IF($H55<>"",F55,"") | K55: =IF($H55<>"",G55,"") | L55: =IF(A$52=37802,IF(AND(COUNTBLANK(B$52:B$71)<>0,COUNTBLANK(C$52:C$71)<>0,COUNTBLANK(D$52:D$71)<>0),135,#N/A),IF(AND(COUNTBLANK(B$52:B$76)<>0,COUNTBLANK(C$52:C$76)<>0,COUNTBLANK(D$52:D$76)<>0),135,#N/A)) -> #N/A
A56: Juni 2020 | B56: 86599 | C56: 7696 | D56: 3082 | E56: =IF($A$52=37802,IF(COUNTBLANK(B$52:B$71)>0,#N/A,B56/B$52*100),IF(COUNTBLANK(B$52:B$76)>0,#N/A,B56/B$52*100)) -> 99.551667 | F56: =IF($A$52=37802,IF(COUNTBLANK(C$52:C$71)>0,#N/A,C56/C$52*100),IF(COUNTBLANK(C$52:C$76)>0,#N/A,C56/C$52*100)) -> 89.322191 | G56: =IF($A$52=37802,IF(COUNTBLANK(D$52:D$71)>0,#N/A,D56/D$52*100),IF(COUNTBLANK(D$52:D$76)>0,#N/A,D56/D$52*100)) -> 97.040302 | H56: =IF(ISERROR(L56)=TRUE,IF(MONTH(A56)=MONTH(MAX(A$52:A$76)),A56,""),"") | I56: =IF($H56<>"",E56,"") | J56: =IF($H56<>"",F56,"") | K56: =IF($H56<>"",G56,"") | L56: =IF(A$52=37802,IF(AND(COUNTBLANK(B$52:B$71)<>0,COUNTBLANK(C$52:C$71)<>0,COUNTBLANK(D$52:D$71)<>0),135,#N/A),IF(AND(COUNTBLANK(B$52:B$76)<>0,COUNTBLANK(C$52:C$76)<>0,COUNTBLANK(D$52:D$76)<>0),135,#N/A)) -> #N/A
A57: 44075 | B57: 87903 | C57: 7847 | D57: 3189 | E57: =IF($A$52=37802,IF(COUNTBLANK(B$52:B$71)>0,#N/A,B57/B$52*100),IF(COUNTBLANK(B$52:B$76)>0,#N/A,B57/B$52*100)) -> 101.05071 | F57: =IF($A$52=37802,IF(COUNTBLANK(C$52:C$71)>0,#N/A,C57/C$52*100),IF(COUNTBLANK(C$52:C$76)>0,#N/A,C57/C$52*100)) -> 91.074745 | G57: =IF($A$52=37802,IF(COUNTBLANK(D$52:D$71)>0,#N/A,D57/D$52*100),IF(COUNTBLANK(D$52:D$76)>0,#N/A,D57/D$52*100)) -> 100.40932 | H57: =IF(ISERROR(L57)=TRUE,IF(MONTH(A57)=MONTH(MAX(A$52:A$76)),A57,""),"") -> 44075 | I57: =IF($H57<>"",E57,"") -> 101.05071 | J57: =IF($H57<>"",F57,"") -> 91.074745 | K57: =IF($H57<>"",G57,"") -> 100.40932 | L57: =IF(A$52=37802,IF(AND(COUNTBLANK(B$52:B$71)<>0,COUNTBLANK(C$52:C$71)<>0,COUNTBLANK(D$52:D$71)<>0),135,#N/A),IF(AND(COUNTBLANK(B$52:B$76)<>0,COUNTBLANK(C$52:C$76)<>0,COUNTBLANK(D$52:D$76)<>0),135,#N/A)) -> #N/A
A58: Dezember 2020 | B58: 87361 | C58: 7565 | D58: 3101 | E58: =IF($A$52=37802,IF(COUNTBLANK(B$52:B$71)>0,#N/A,B58/B$52*100),IF(COUNTBLANK(B$52:B$76)>0,#N/A,B58/B$52*100)) -> 100.42764 | F58: =IF($A$52=37802,IF(COUNTBLANK(C$52:C$71)>0,#N/A,C58/C$52*100),IF(COUNTBLANK(C$52:C$76)>0,#N/A,C58/C$52*100)) -> 87.801764 | G58: =IF($A$52=37802,IF(COUNTBLANK(D$52:D$71)>0,#N/A,D58/D$52*100),IF(COUNTBLANK(D$52:D$76)>0,#N/A,D58/D$52*100)) -> 97.638539 | H58: =IF(ISERROR(L58)=TRUE,IF(MONTH(A58)=MONTH(MAX(A$52:A$76)),A58,""),"") | I58: =IF($H58<>"",E58,"") | J58: =IF($H58<>"",F58,"") | K58: =IF($H58<>"",G58,"") | L58: =IF(A$52=37802,IF(AND(COUNTBLANK(B$52:B$71)<>0,COUNTBLANK(C$52:C$71)<>0,COUNTBLANK(D$52:D$71)<>0),135,#N/A),IF(AND(COUNTBLANK(B$52:B$76)<>0,COUNTBLANK(C$52:C$76)<>0,COUNTBLANK(D$52:D$76)<>0),135,#N/A)) -> #N/A
A59: März 2021 | B59: 86575 | C59: 7350 | D59: 3114 | E59: =IF($A$52=37802,IF(COUNTBLANK(B$52:B$71)>0,#N/A,B59/B$52*100),IF(COUNTBLANK(B$52:B$76)>0,#N/A,B59/B$52*100)) -> 99.524078 | F59: =IF($A$52=37802,IF(COUNTBLANK(C$52:C$71)>0,#N/A,C59/C$52*100),IF(COUNTBLANK(C$52:C$76)>0,#N/A,C59/C$52*100)) -> 85.306407 | G59: =IF($A$52=37802,IF(COUNTBLANK(D$52:D$71)>0,#N/A,D59/D$52*100),IF(COUNTBLANK(D$52:D$76)>0,#N/A,D59/D$52*100)) -> 98.047859 | H59: =IF(ISERROR(L59)=TRUE,IF(MONTH(A59)=MONTH(MAX(A$52:A$76)),A59,""),"") | I59: =IF($H59<>"",E59,"") | J59: =IF($H59<>"",F59,"") | K59: =IF($H59<>"",G59,"") | L59: =IF(A$52=37802,IF(AND(COUNTBLANK(B$52:B$71)<>0,COUNTBLANK(C$52:C$71)<>0,COUNTBLANK(D$52:D$71)<>0),135,#N/A),IF(AND(COUNTBLANK(B$52:B$76)<>0,COUNTBLANK(C$52:C$76)<>0,COUNTBLANK(D$52:D$76)<>0),135,#N/A)) -> #N/A
A60: Juni 2021 | B60: 87376 | C60: 7459 | D60: 3282 | E60: =IF($A$52=37802,IF(COUNTBLANK(B$52:B$71)>0,#N/A,B60/B$52*100),IF(COUNTBLANK(B$52:B$76)>0,#N/A,B60/B$52*100)) -> 100.44488 | F60: =IF($A$52=37802,IF(COUNTBLANK(C$52:C$71)>0,#N/A,C60/C$52*100),IF(COUNTBLANK(C$52:C$76)>0,#N/A,C60/C$52*100)) -> 86.571495 | G60: =IF($A$52=37802,IF(COUNTBLANK(D$52:D$71)>0,#N/A,D60/D$52*100),IF(COUNTBLANK(D$52:D$76)>0,#N/A,D60/D$52*100)) -> 103.33753 | H60: =IF(ISERROR(L60)=TRUE,IF(MONTH(A60)=MONTH(MAX(A$52:A$76)),A60,""),"") | I60: =IF($H60<>"",E60,"") | J60: =IF($H60<>"",F60,"") | K60: =IF($H60<>"",G60,"") | L60: =IF(A$52=37802,IF(AND(COUNTBLANK(B$52:B$71)<>0,COUNTBLANK(C$52:C$71)<>0,COUNTBLANK(D$52:D$71)<>0),135,#N/A),IF(AND(COUNTBLANK(B$52:B$76)<>0,COUNTBLANK(C$52:C$76)<>0,COUNTBLANK(D$52:D$76)<>0),135,#N/A)) -> #N/A
A61: 44440 | B61: 88788 | C61: 7621 | D61: 3419 | E61: =IF($A$52=37802,IF(COUNTBLANK(B$52:B$71)>0,#N/A,B61/B$52*100),IF(COUNTBLANK(B$52:B$76)>0,#N/A,B61/B$52*100)) -> 102.06808 | F61: =IF($A$52=37802,IF(COUNTBLANK(C$52:C$71)>0,#N/A,C61/C$52*100),IF(COUNTBLANK(C$52:C$76)>0,#N/A,C61/C$52*100)) -> 88.451718 | G61: =IF($A$52=37802,IF(COUNTBLANK(D$52:D$71)>0,#N/A,D61/D$52*100),IF(COUNTBLANK(D$52:D$76)>0,#N/A,D61/D$52*100)) -> 107.65113 | H61: =IF(ISERROR(L61)=TRUE,IF(MONTH(A61)=MONTH(MAX(A$52:A$76)),A61,""),"") -> 44440 | I61: =IF($H61<>"",E61,"") -> 102.06808 | J61: =IF($H61<>"",F61,"") -> 88.451718 | K61: =IF($H61<>"",G61,"") -> 107.65113 | L61: =IF(A$52=37802,IF(AND(COUNTBLANK(B$52:B$71)<>0,COUNTBLANK(C$52:C$71)<>0,COUNTBLANK(D$52:D$71)<>0),135,#N/A),IF(AND(COUNTBLANK(B$52:B$76)<>0,COUNTBLANK(C$52:C$76)<>0,COUNTBLANK(D$52:D$76)<>0),135,#N/A)) -> #N/A
A62: Dezember 2021 | B62: 88381 | C62: 7303 | D62: 3280 | E62: =IF($A$52=37802,IF(COUNTBLANK(B$52:B$71)>0,#N/A,B62/B$52*100),IF(COUNTBLANK(B$52:B$76)>0,#N/A,B62/B$52*100)) -> 101.6002 | F62: =IF($A$52=37802,IF(COUNTBLANK(C$52:C$71)>0,#N/A,C62/C$52*100),IF(COUNTBLANK(C$52:C$76)>0,#N/A,C62/C$52*100)) -> 84.76091 | G62: =IF($A$52=37802,IF(COUNTBLANK(D$52:D$71)>0,#N/A,D62/D$52*100),IF(COUNTBLANK(D$52:D$76)>0,#N/A,D62/D$52*100)) -> 103.27456 | H62: =IF(ISERROR(L62)=TRUE,IF(MONTH(A62)=MONTH(MAX(A$52:A$76)),A62,""),"") | I62: =IF($H62<>"",E62,"") | J62: =IF($H62<>"",F62,"") | K62: =IF($H62<>"",G62,"") | L62: =IF(A$52=37802,IF(AND(COUNTBLANK(B$52:B$71)<>0,COUNTBLANK(C$52:C$71)<>0,COUNTBLANK(D$52:D$71)<>0),135,#N/A),IF(AND(COUNTBLANK(B$52:B$76)<>0,COUNTBLANK(C$52:C$76)<>0,COUNTBLANK(D$52:D$76)<>0),135,#N/A)) -> #N/A
A63: März 2022 | B63: 88346 | C63: 7201 | D63: 3254 | E63: =IF($A$52=37802,IF(COUNTBLANK(B$52:B$71)>0,#N/A,B63/B$52*100),IF(COUNTBLANK(B$52:B$76)>0,#N/A,B63/B$52*100)) -> 101.55997 | F63: =IF($A$52=37802,IF(COUNTBLANK(C$52:C$71)>0,#N/A,C63/C$52*100),IF(COUNTBLANK(C$52:C$76)>0,#N/A,C63/C$52*100)) -> 83.577066 | G63: =IF($A$52=37802,IF(COUNTBLANK(D$52:D$71)>0,#N/A,D63/D$52*100),IF(COUNTBLANK(D$52:D$76)>0,#N/A,D63/D$52*100)) -> 102.45592 | H63: =IF(ISERROR(L63)=TRUE,IF(MONTH(A63)=MONTH(MAX(A$52:A$76)),A63,""),"") | I63: =IF($H63<>"",E63,"") | J63: =IF($H63<>"",F63,"") | K63: =IF($H63<>"",G63,"") | L63: =IF(A$52=37802,IF(AND(COUNTBLANK(B$52:B$71)<>0,COUNTBLANK(C$52:C$71)<>0,COUNTBLANK(D$52:D$71)<>0),135,#N/A),IF(AND(COUNTBLANK(B$52:B$76)<>0,COUNTBLANK(C$52:C$76)<>0,COUNTBLANK(D$52:D$76)<>0),135,#N/A)) -> #N/A
A64: Juni 2022 | B64: 88343 | C64: 7433 | D64: 3383 | E64: =IF($A$52=37802,IF(COUNTBLANK(B$52:B$71)>0,#N/A,B64/B$52*100),IF(COUNTBLANK(B$52:B$76)>0,#N/A,B64/B$52*100)) -> 101.55652 | F64: =IF($A$52=37802,IF(COUNTBLANK(C$52:C$71)>0,#N/A,C64/C$52*100),IF(COUNTBLANK(C$52:C$76)>0,#N/A,C64/C$52*100)) -> 86.269731 | G64: =IF($A$52=37802,IF(COUNTBLANK(D$52:D$71)>0,#N/A,D64/D$52*100),IF(COUNTBLANK(D$52:D$76)>0,#N/A,D64/D$52*100)) -> 106.51763 | H64: =IF(ISERROR(L64)=TRUE,IF(MONTH(A64)=MONTH(MAX(A$52:A$76)),A64,""),"") | I64: =IF($H64<>"",E64,"") | J64: =IF($H64<>"",F64,"") | K64: =IF($H64<>"",G64,"") | L64: =IF(A$52=37802,IF(AND(COUNTBLANK(B$52:B$71)<>0,COUNTBLANK(C$52:C$71)<>0,COUNTBLANK(D$52:D$71)<>0),135,#N/A),IF(AND(COUNTBLANK(B$52:B$76)<>0,COUNTBLANK(C$52:C$76)<>0,COUNTBLANK(D$52:D$76)<>0),135,#N/A)) -> #N/A
A65: 44805 | B65: 89273 | C65: 7478 | D65: 3434 | E65: =IF($A$52=37802,IF(COUNTBLANK(B$52:B$71)>0,#N/A,B65/B$52*100),IF(COUNTBLANK(B$52:B$76)>0,#N/A,B65/B$52*100)) -> 102.62562 | F65: =IF($A$52=37802,IF(COUNTBLANK(C$52:C$71)>0,#N/A,C65/C$52*100),IF(COUNTBLANK(C$52:C$76)>0,#N/A,C65/C$52*100)) -> 86.792015 | G65: =IF($A$52=37802,IF(COUNTBLANK(D$52:D$71)>0,#N/A,D65/D$52*100),IF(COUNTBLANK(D$52:D$76)>0,#N/A,D65/D$52*100)) -> 108.12343 | H65: =IF(ISERROR(L65)=TRUE,IF(MONTH(A65)=MONTH(MAX(A$52:A$76)),A65,""),"") -> 44805 | I65: =IF($H65<>"",E65,"") -> 102.62562 | J65: =IF($H65<>"",F65,"") -> 86.792015 | K65: =IF($H65<>"",G65,"") -> 108.12343 | L65: =IF(A$52=37802,IF(AND(COUNTBLANK(B$52:B$71)<>0,COUNTBLANK(C$52:C$71)<>0,COUNTBLANK(D$52:D$71)<>0),135,#N/A),IF(AND(COUNTBLANK(B$52:B$76)<>0,COUNTBLANK(C$52:C$76)<>0,COUNTBLANK(D$52:D$76)<>0),135,#N/A)) -> #N/A
A66: Dezember 2022 | B66: 89211 | C66: 7444 | D66: 3428 | E66: =IF($A$52=37802,IF(COUNTBLANK(B$52:B$71)>0,#N/A,B66/B$52*100),IF(COUNTBLANK(B$52:B$76)>0,#N/A,B66/B$52*100)) -> 102.55435 | F66: =IF($A$52=37802,IF(COUNTBLANK(C$52:C$71)>0,#N/A,C66/C$52*100),IF(COUNTBLANK(C$52:C$76)>0,#N/A,C66/C$52*100)) -> 86.3974 | G66: =IF($A$52=37802,IF(COUNTBLANK(D$52:D$71)>0,#N/A,D66/D$52*100),IF(COUNTBLANK(D$52:D$76)>0,#N/A,D66/D$52*100)) -> 107.93451 | H66: =IF(ISERROR(L66)=TRUE,IF(MONTH(A66)=MONTH(MAX(A$52:A$76)),A66,""),"") | I66: =IF($H66<>"",E66,"") | J66: =IF($H66<>"",F66,"") | K66: =IF($H66<>"",G66,"") | L66: =IF(A$52=37802,IF(AND(COUNTBLANK(B$52:B$71)<>0,COUNTBLANK(C$52:C$71)<>0,COUNTBLANK(D$52:D$71)<>0),135,#N/A),IF(AND(COUNTBLANK(B$52:B$76)<>0,COUNTBLANK(C$52:C$76)<>0,COUNTBLANK(D$52:D$76)<>0),135,#N/A)) -> #N/A
A67: März 2023 | B67: 88773 | C67: 7391 | D67: 3381 | E67: =IF($A$52=37802,IF(COUNTBLANK(B$52:B$71)>0,#N/A,B67/B$52*100),IF(COUNTBLANK(B$52:B$76)>0,#N/A,B67/B$52*100)) -> 102.05083 | F67: =IF($A$52=37802,IF(COUNTBLANK(C$52:C$71)>0,#N/A,C67/C$52*100),IF(COUNTBLANK(C$52:C$76)>0,#N/A,C67/C$52*100)) -> 85.782266 | G67: =IF($A$52=37802,IF(COUNTBLANK(D$52:D$71)>0,#N/A,D67/D$52*100),IF(COUNTBLANK(D$52:D$76)>0,#N/A,D67/D$52*100)) -> 106.45466 | H67: =IF(ISERROR(L67)=TRUE,IF(MONTH(A67)=MONTH(MAX(A$52:A$76)),A67,""),"") | I67: =IF($H67<>"",E67,"") | J67: =IF($H67<>"",F67,"") | K67: =IF($H67<>"",G67,"") | L67: =IF(A$52=37802,IF(AND(COUNTBLANK(B$52:B$71)<>0,COUNTBLANK(C$52:C$71)<>0,COUNTBLANK(D$52:D$71)<>0),135,#N/A),IF(AND(COUNTBLANK(B$52:B$76)<>0,COUNTBLANK(C$52:C$76)<>0,COUNTBLANK(D$52:D$76)<>0),135,#N/A)) -> #N/A
A68: Juni 2023 | B68: 89136 | C68: 7671 | D68: 3473 | E68: =IF($A$52=37802,IF(COUNTBLANK(B$52:B$71)>0,#N/A,B68/B$52*100),IF(COUNTBLANK(B$52:B$76)>0,#N/A,B68/B$52*100)) -> 102.46813 | F68: =IF($A$52=37802,IF(COUNTBLANK(C$52:C$71)>0,#N/A,C68/C$52*100),IF(COUNTBLANK(C$52:C$76)>0,#N/A,C68/C$52*100)) -> 89.032033 | G68: =IF($A$52=37802,IF(COUNTBLANK(D$52:D$71)>0,#N/A,D68/D$52*100),IF(COUNTBLANK(D$52:D$76)>0,#N/A,D68/D$52*100)) -> 109.35139 | H68: =IF(ISERROR(L68)=TRUE,IF(MONTH(A68)=MONTH(MAX(A$52:A$76)),A68,""),"") | I68: =IF($H68<>"",E68,"") | J68: =IF($H68<>"",F68,"") | K68: =IF($H68<>"",G68,"") | L68: =IF(A$52=37802,IF(AND(COUNTBLANK(B$52:B$71)<>0,COUNTBLANK(C$52:C$71)<>0,COUNTBLANK(D$52:D$71)<>0),135,#N/A),IF(AND(COUNTBLANK(B$52:B$76)<>0,COUNTBLANK(C$52:C$76)<>0,COUNTBLANK(D$52:D$76)<>0),135,#N/A)) -> #N/A
A69: 45170 | B69: 89545 | C69: 7611 | D69: 3542 | E69: =IF($A$52=37802,IF(COUNTBLANK(B$52:B$71)>0,#N/A,B69/B$52*100),IF(COUNTBLANK(B$52:B$76)>0,#N/A,B69/B$52*100)) -> 102.9383 | F69: =IF($A$52=37802,IF(COUNTBLANK(C$52:C$71)>0,#N/A,C69/C$52*100),IF(COUNTBLANK(C$52:C$76)>0,#N/A,C69/C$52*100)) -> 88.335655 | G69: =IF($A$52=37802,IF(COUNTBLANK(D$52:D$71)>0,#N/A,D69/D$52*100),IF(COUNTBLANK(D$52:D$76)>0,#N/A,D69/D$52*100)) -> 111.52393 | H69: =IF(ISERROR(L69)=TRUE,IF(MONTH(A69)=MONTH(MAX(A$52:A$76)),A69,""),"") -> 45170 | I69: =IF($H69<>"",E69,"") -> 102.9383 | J69: =IF($H69<>"",F69,"") -> 88.335655 | K69: =IF($H69<>"",G69,"") -> 111.52393 | L69: =IF(A$52=37802,IF(AND(COUNTBLANK(B$52:B$71)<>0,COUNTBLANK(C$52:C$71)<>0,COUNTBLANK(D$52:D$71)<>0),135,#N/A),IF(AND(COUNTBLANK(B$52:B$76)<>0,COUNTBLANK(C$52:C$76)<>0,COUNTBLANK(D$52:D$76)<>0),135,#N/A)) -> #N/A
A70: Dezember 2023 | B70: 88654 | C70: 7644 | D70: 3517 | E70: =IF($A$52=37802,IF(COUNTBLANK(B$52:B$71)>0,#N/A,B70/B$52*100),IF(COUNTBLANK(B$52:B$76)>0,#N/A,B70/B$52*100)) -> 101.91404 | F70: =IF($A$52=37802,IF(COUNTBLANK(C$52:C$71)>0,#N/A,C70/C$52*100),IF(COUNTBLANK(C$52:C$76)>0,#N/A,C70/C$52*100)) -> 88.718663 | G70: =IF($A$52=37802,IF(COUNTBLANK(D$52:D$71)>0,#N/A,D70/D$52*100),IF(COUNTBLANK(D$52:D$76)>0,#N/A,D70/D$52*100)) -> 110.73678 | H70: =IF(ISERROR(L70)=TRUE,IF(MONTH(A70)=MONTH(MAX(A$52:A$76)),A70,""),"") | I70: =IF($H70<>"",E70,"") | J70: =IF($H70<>"",F70,"") | K70: =IF($H70<>"",G70,"") | L70: =IF(A$52=37802,IF(AND(COUNTBLANK(B$52:B$71)<>0,COUNTBLANK(C$52:C$71)<>0,COUNTBLANK(D$52:D$71)<>0),135,#N/A),IF(AND(COUNTBLANK(B$52:B$76)<>0,COUNTBLANK(C$52:C$76)<>0,COUNTBLANK(D$52:D$76)<>0),135,#N/A)) -> #N/A
A71: März 2024 | B71: 87819 | C71: 7551 | D71: 3519 | E71: =IF($A$52=37802,IF(COUNTBLANK(B$52:B$71)>0,#N/A,B71/B$52*100),IF(COUNTBLANK(B$52:B$76)>0,#N/A,B71/B$52*100)) -> 100.95414 | F71: =IF($A$52=37802,IF(COUNTBLANK(C$52:C$71)>0,#N/A,C71/C$52*100),IF(COUNTBLANK(C$52:C$76)>0,#N/A,C71/C$52*100)) -> 87.639276 | G71: =IF($A$52=37802,IF(COUNTBLANK(D$52:D$71)>0,#N/A,D71/D$52*100),IF(COUNTBLANK(D$52:D$76)>0,#N/A,D71/D$52*100)) -> 110.79975 | H71: =IF(ISERROR(L71)=TRUE,IF(MONTH(A71)=MONTH(MAX(A$52:A$76)),A71,""),"") | I71: =IF($H71<>"",E71,"") | J71: =IF($H71<>"",F71,"") | K71: =IF($H71<>"",G71,"") | L71: =IF(A$52=37802,IF(AND(COUNTBLANK(B$52:B$71)<>0,COUNTBLANK(C$52:C$71)<>0,COUNTBLANK(D$52:D$71)<>0),135,#N/A),IF(AND(COUNTBLANK(B$52:B$76)<>0,COUNTBLANK(C$52:C$76)<>0,COUNTBLANK(D$52:D$76)<>0),135,#N/A)) -> #N/A
A72: Juni 2024 | B72: 88265 | C72: 7760 | D72: 3592 | E72: =IF($A$52=37802,IF(COUNTBLANK(B$52:B$71)>0,#N/A,IF(ISBLANK(B72)=FALSE,B72/B$52*100,#N/A)),IF(COUNTBLANK(B$52:B$76)>0,#N/A,B72/B$52*100)) -> 101.46685 | F72: =IF($A$52=37802,IF(COUNTBLANK(C$52:C$71)>0,#N/A,IF(ISBLANK(C72)=FALSE,C72/C$52*100,#N/A)),IF(COUNTBLANK(C$52:C$76)>0,#N/A,C72/C$52*100)) -> 90.064995 | G72: =IF($A$52=37802,IF(COUNTBLANK(D$52:D$71)>0,#N/A,IF(ISBLANK(D72)=FALSE,D72/D$52*100,#N/A)),IF(COUNTBLANK(D$52:D$76)>0,#N/A,D72/D$52*100)) -> 113.09824 | H72: =IF(A$52=37802,IF(ISERROR(L72)=TRUE,IF(ISBLANK(A72)=FALSE,IF(MONTH(A72)=MONTH(MAX(A$52:A$76)),A72,""),""),""),IF(ISERROR(L72)=TRUE,IF(MONTH(A72)=MONTH(MAX(A$52:A$76)),A72,""),"")) | I72: =IF($H72<>"",E72,"") | J72: =IF($H72<>"",F72,"") | K72: =IF($H72<>"",G72,"") | L72: =IF(A$52=37802,IF(AND(COUNTBLANK(B$52:B$71)<>0,COUNTBLANK(C$52:C$71)<>0,COUNTBLANK(D$52:D$71)<>0),135,#N/A),IF(AND(COUNTBLANK(B$52:B$76)<>0,COUNTBLANK(C$52:C$76)<>0,COUNTBLANK(D$52:D$76)<>0),135,#N/A)) -> #N/A
A73: 45536 | B73: 89302 | C73: 7668 | D73: 3733 | E73: =IF($A$52=37802,IF(COUNTBLANK(B$52:B$71)>0,#N/A,IF(ISBLANK(B73)=FALSE,B73/B$52*100,#N/A)),IF(COUNTBLANK(B$52:B$76)>0,#N/A,B73/B$52*100)) -> 102.65896 | F73: =IF($A$52=37802,IF(COUNTBLANK(C$52:C$71)>0,#N/A,IF(ISBLANK(C73)=FALSE,C73/C$52*100,#N/A)),IF(COUNTBLANK(C$52:C$76)>0,#N/A,C73/C$52*100)) -> 88.997214 | G73: =IF($A$52=37802,IF(COUNTBLANK(D$52:D$71)>0,#N/A,IF(ISBLANK(D73)=FALSE,D73/D$52*100,#N/A)),IF(COUNTBLANK(D$52:D$76)>0,#N/A,D73/D$52*100)) -> 117.53778 | H73: =IF(A$52=37802,IF(ISERROR(L73)=TRUE,IF(ISBLANK(A73)=FALSE,IF(MONTH(A73)=MONTH(MAX(A$52:A$76)),A73,""),""),""),IF(ISERROR(L73)=TRUE,IF(MONTH(A73)=MONTH(MAX(A$52:A$76)),A73,""),"")) -> 45536 | I73: =IF($H73<>"",E73,"") -> 102.65896 | J73: =IF($H73<>"",F73,"") -> 88.997214 | K73: =IF($H73<>"",G73,"") -> 117.53778 | L73: =IF(A$52=37802,IF(AND(COUNTBLANK(B$52:B$71)<>0,COUNTBLANK(C$52:C$71)<>0,COUNTBLANK(D$52:D$71)<>0),135,#N/A),IF(AND(COUNTBLANK(B$52:B$76)<>0,COUNTBLANK(C$52:C$76)<>0,COUNTBLANK(D$52:D$76)<>0),135,#N/A)) -> #N/A
A74: Dezember 2024 | B74: 88337 | C74: 7625 | D74: 3745 | E74: =IF($A$52=37802,IF(COUNTBLANK(B$52:B$71)>0,#N/A,IF(ISBLANK(B74)=FALSE,B74/B$52*100,#N/A)),IF(COUNTBLANK(B$52:B$76)>0,#N/A,B74/B$52*100)) -> 101.54962 | F74: =IF($A$52=37802,IF(COUNTBLANK(C$52:C$71)>0,#N/A,IF(ISBLANK(C74)=FALSE,C74/C$52*100,#N/A)),IF(COUNTBLANK(C$52:C$76)>0,#N/A,C74/C$52*100)) -> 88.498143 | G74: =IF($A$52=37802,IF(COUNTBLANK(D$52:D$71)>0,#N/A,IF(ISBLANK(D74)=FALSE,D74/D$52*100,#N/A)),IF(COUNTBLANK(D$52:D$76)>0,#N/A,D74/D$52*100)) -> 117.91562 | H74: =IF(A$52=37802,IF(ISERROR(L74)=TRUE,IF(ISBLANK(A74)=FALSE,IF(MONTH(A74)=MONTH(MAX(A$52:A$76)),A74,""),""),""),IF(ISERROR(L74)=TRUE,IF(MONTH(A74)=MONTH(MAX(A$52:A$76)),A74,""),"")) | I74: =IF($H74<>"",E74,"") | J74: =IF($H74<>"",F74,"") | K74: =IF($H74<>"",G74,"") | L74: =IF(A$52=37802,IF(AND(COUNTBLANK(B$52:B$71)<>0,COUNTBLANK(C$52:C$71)<>0,COUNTBLANK(D$52:D$71)<>0),135,#N/A),IF(AND(COUNTBLANK(B$52:B$76)<>0,COUNTBLANK(C$52:C$76)<>0,COUNTBLANK(D$52:D$76)<>0),135,#N/A)) -> #N/A
A75: März 2025 | B75: 87355 | C75: 7546 | D75: 3655 | E75: =IF($A$52=37802,IF(COUNTBLANK(B$52:B$71)>0,#N/A,IF(ISBLANK(B75)=FALSE,B75/B$52*100,#N/A)),IF(COUNTBLANK(B$52:B$76)>0,#N/A,B75/B$52*100)) -> 100.42074 | F75: =IF($A$52=37802,IF(COUNTBLANK(C$52:C$71)>0,#N/A,IF(ISBLANK(C75)=FALSE,C75/C$52*100,#N/A)),IF(COUNTBLANK(C$52:C$76)>0,#N/A,C75/C$52*100)) -> 87.581244 | G75: =IF($A$52=37802,IF(COUNTBLANK(D$52:D$71)>0,#N/A,IF(ISBLANK(D75)=FALSE,D75/D$52*100,#N/A)),IF(COUNTBLANK(D$52:D$76)>0,#N/A,D75/D$52*100)) -> 115.08186 | H75: =IF(A$52=37802,IF(ISERROR(L75)=TRUE,IF(ISBLANK(A75)=FALSE,IF(MONTH(A75)=MONTH(MAX(A$52:A$76)),A75,""),""),""),IF(ISERROR(L75)=TRUE,IF(MONTH(A75)=MONTH(MAX(A$52:A$76)),A75,""),"")) | I75: =IF($H75<>"",E75,"") | J75: =IF($H75<>"",F75,"") | K75: =IF($H75<>"",G75,"") | L75: =IF(A$52=37802,IF(AND(COUNTBLANK(B$52:B$71)<>0,COUNTBLANK(C$52:C$71)<>0,COUNTBLANK(D$52:D$71)<>0),135,#N/A),IF(AND(COUNTBLANK(B$52:B$76)<>0,COUNTBLANK(C$52:C$76)<>0,COUNTBLANK(D$52:D$76)<>0),135,#N/A)) -> #N/A
A76: Juni 2025 | B76: 87540 | C76: 7885 | D76: 3750 | E76: =IF($A$52=37802,IF(COUNTBLANK(B$52:B$71)>0,#N/A,IF(ISBLANK(B76)=FALSE,B76/B$52*100,#N/A)),IF(COUNTBLANK(B$52:B$76)>0,#N/A,B76/B$52*100)) -> 100.63341 | F76: =IF($A$52=37802,IF(COUNTBLANK(C$52:C$71)>0,#N/A,IF(ISBLANK(C76)=FALSE,C76/C$52*100,#N/A)),IF(COUNTBLANK(C$52:C$76)>0,#N/A,C76/C$52*100)) -> 91.515785 | G76: =IF($A$52=37802,IF(COUNTBLANK(D$52:D$71)>0,#N/A,IF(ISBLANK(D76)=FALSE,D76/D$52*100,#N/A)),IF(COUNTBLANK(D$52:D$76)>0,#N/A,D76/D$52*100)) -> 118.07305 | H76: =IF(A$52=37802,IF(ISERROR(L76)=TRUE,IF(ISBLANK(A76)=FALSE,IF(MONTH(A76)=MONTH(MAX(A$52:A$76)),A76,""),""),""),IF(ISERROR(L76)=TRUE,IF(MONTH(A76)=MONTH(MAX(A$52:A$76)),A76,""),"")) | I76: =IF($H76<>"",E76,"") | J76: =IF($H76<>"",F76,"") | K76: =IF($H76<>"",G76,"") | L76: =IF(A$52=37802,IF(AND(COUNTBLANK(B$52:B$71)<>0,COUNTBLANK(C$52:C$71)<>0,COUNTBLANK(D$52:D$71)<>0),135,#N/A),IF(AND(COUNTBLANK(B$52:B$76)<>0,COUNTBLANK(C$52:C$76)<>0,COUNTBLANK(D$52:D$76)<>0),135,#N/A)) -> #N/A
I78: =IF(I76<>"",I76,IF(I75<>"",I75,IF(I74<>"",I74,IF(I73<>"",I73,IF(I72<>"",I72,IF(I71<>"",I71,"")))))) -> 102.65896 | J78: =IF(J76<>"",J76,IF(J75<>"",J75,IF(J74<>"",J74,IF(J73<>"",J73,IF(J72<>"",J72,IF(J71<>"",J71,"")))))) -> 88.997214 | K78: =IF(K76<>"",K76,IF(K75<>"",K75,IF(K74<>"",K74,IF(K73<>"",K73,IF(K72<>"",K72,IF(K71<>"",K71,"")))))) -> 117.53778
I79: =RANK(I78,$I78:$K78) -> 2 | J79: =RANK(J78,$I78:$K78) -> 3 | K79: =RANK(K78,$I78:$K78) -> 1
I80: ="SvB: "&IF(I78>100,"+","")&TEXT(I78-100,"0,0")&"%" -> SvB: +2,7% | J80: ="GeB - ausschließlich: "&IF(J78>100,"+","")&TEXT(J78-100,"0,0")&"%" -> GeB - ausschließlich: -11,0% | K80: ="GeB - im Nebenjob: "&IF(K78>100,"+","")&TEXT(K78-100,"0,0")&"%" -> GeB - im Nebenjob: +17,5%
I82: =IF(ISERROR(HLOOKUP(1,I$79:K$80,2,FALSE)),"",HLOOKUP(1,I$79:K$80,2,FALSE)) -> GeB - im Nebenjob: +17,5%
I83: =IF(ISERROR(HLOOKUP(2,I$79:K$80,2,FALSE)),"",HLOOKUP(2,I$79:K$80,2,FALSE)) -> SvB: +2,7%
I84: =IF(ISERROR(HLOOKUP(3,I$79:K$80,2,FALSE)),"",HLOOKUP(3,I$79:K$80,2,FALSE)) -> GeB - ausschließlich: -11,0%

Sheet Statistik-Infoseite
G2: Stand: 11.04.2025
A3: Statistik-Infoseite
A6: Im Internet stehen statistische Informationen zu diesen Themen zur Verfügung:
B8: Fachstatistiken:
B9: Arbeitsuche, Arbeitslosigkeit und Unterbeschäftigung
B10: Ausbildungsmarkt
B11: Beschäftigung
B12: Einnahmen/Ausgaben
B13: Förderung und berufliche Rehabilitation
B14: Gemeldete Arbeitsstellen
B15: Grundsicherung für Arbeitsuchende (SGB II)
B16: Leistungen SGB III
B18: Themen im Fokus:
B19: Berufe
B20: Bildung
... B26: Frauen und Männer
A27: Jüngere | B27: Jüngere
B28: Langzeitarbeitslosigkeit
B29: Menschen mit Behinderungen
B30: Migration
B31: Regionale Mobilität
B32: Transformation
B33: Ukraine-Krieg
B34: Wirtschaftszweige
B35: Zeitarbeit
A37: Die Methodischen Hinweise der Statistik bieten ergänzende Informationen.
A39: Die Qualitätsberichte der Statistik erläutern die Entstehung und Aussagekraft der jeweiligen Fachstatistik.
A41: Das Glossar enthält Erläuterungen zu allen statistisch relevanten Begriffen, die in den verschiedenen Produkten der Statistik der BA Verwendung finden.
A44: Abkürzungen und Zeichen, die in den Produkten der Statistik der BA vorkommen, werden im
A45: Abkürzungsverzeichnis | C45: bzw. der Zeichenerklärung der Statistik der BA erläutert.
